"","days","number_down"
"1",1,0.142857142857143
"2",2,0.142857142857143
"3",3,0.142857142857143
"4",4,0.142857142857143
"5",5,0.142857142857143
"6",6,0.142857142857143
"7",7,33
"8",8,33
"9",9,33
"10",10,33
"11",11,33
"12",12,33
"13",13,33
"14",14,287.857142857143
"15",15,287.857142857143
"16",16,287.857142857143
"17",17,287.857142857143
"18",18,287.857142857143
"19",19,287.857142857143
"20",20,287.857142857143
"21",21,190.142857142857
"22",22,190.142857142857
"23",23,190.142857142857
"24",24,190.142857142857
"25",25,190.142857142857
"26",26,190.142857142857
"27",27,190.142857142857
"28",28,25.8571428571429
"29",29,25.8571428571429
"30",30,25.8571428571429
"31",31,25.8571428571429
"32",32,25.8571428571429
"33",33,25.8571428571429
"34",34,25.8571428571429
"35",35,135.285714285714
"36",36,135.285714285714
"37",37,135.285714285714
"38",38,135.285714285714
"39",39,135.285714285714
"40",40,135.285714285714
"41",41,135.285714285714
"42",42,23.5714285714286
"43",43,23.5714285714286
"44",44,23.5714285714286
"45",45,23.5714285714286
"46",46,23.5714285714286
"47",47,23.5714285714286
"48",48,23.5714285714286
"49",49,36.5714285714286
"50",50,36.5714285714286
"51",51,36.5714285714286
"52",52,36.5714285714286
"53",53,36.5714285714286
"54",54,36.5714285714286
"55",55,36.5714285714286
"56",56,23.2857142857143
"57",57,23.2857142857143
"58",58,23.2857142857143
"59",59,23.2857142857143
"60",60,23.2857142857143
"61",61,23.2857142857143
"62",62,23.2857142857143
"63",63,21
"64",64,21
"65",65,21
"66",66,21
"67",67,21
"68",68,21
"69",69,21
"70",70,16.8571428571429
"71",71,16.8571428571429
"72",72,16.8571428571429
"73",73,16.8571428571429
"74",74,16.8571428571429
"75",75,16.8571428571429
"76",76,16.8571428571429
"77",77,14.1428571428571
"78",78,14.1428571428571
"79",79,14.1428571428571
"80",80,14.1428571428571
"81",81,14.1428571428571
"82",82,14.1428571428571
"83",83,14.1428571428571
"84",84,14.1428571428571
"85",85,14.1428571428571
"86",86,14.1428571428571
"87",87,14.1428571428571
"88",88,14.1428571428571
"89",89,14.1428571428571
"90",90,14.1428571428571
"91",91,10
"92",92,10
"93",93,10
"94",94,10
"95",95,10
"96",96,10
"97",97,10
"98",98,18.7142857142857
"99",99,18.7142857142857
"100",100,18.7142857142857
"101",101,18.7142857142857
"102",102,18.7142857142857
"103",103,18.7142857142857
"104",104,18.7142857142857
"105",105,6.85714285714286
"106",106,6.85714285714286
"107",107,6.85714285714286
"108",108,6.85714285714286
"109",109,6.85714285714286
"110",110,6.85714285714286
"111",111,6.85714285714286
"112",112,16.5714285714286
"113",113,16.5714285714286
"114",114,16.5714285714286
"115",115,16.5714285714286
"116",116,16.5714285714286
"117",117,16.5714285714286
"118",118,16.5714285714286
"119",119,14.5714285714286
"120",120,14.5714285714286
"121",121,14.5714285714286
"122",122,14.5714285714286
"123",123,14.5714285714286
"124",124,14.5714285714286
"125",125,14.5714285714286
"126",126,22.8571428571429
"127",127,22.8571428571429
"128",128,22.8571428571429
"129",129,22.8571428571429
"130",130,22.8571428571429
"131",131,22.8571428571429
"132",132,22.8571428571429
"133",133,12.7142857142857
"134",134,12.7142857142857
"135",135,12.7142857142857
"136",136,12.7142857142857
"137",137,12.7142857142857
"138",138,12.7142857142857
"139",139,12.7142857142857
"140",140,4.85714285714286
"141",141,4.85714285714286
"142",142,4.85714285714286
"143",143,4.85714285714286
"144",144,4.85714285714286
"145",145,4.85714285714286
"146",146,4.85714285714286
"147",147,12.5714285714286
"148",148,12.5714285714286
"149",149,12.5714285714286
"150",150,12.5714285714286
"151",151,12.5714285714286
"152",152,12.5714285714286
"153",153,12.5714285714286
"154",154,25.5714285714286
"155",155,25.5714285714286
"156",156,25.5714285714286
"157",157,25.5714285714286
"158",158,25.5714285714286
"159",159,25.5714285714286
"160",160,25.5714285714286
"161",161,4.42857142857143
"162",162,4.42857142857143
"163",163,4.42857142857143
"164",164,4.42857142857143
"165",165,4.42857142857143
"166",166,4.42857142857143
"167",167,4.42857142857143
"168",168,3.14285714285714
"169",169,3.14285714285714
"170",170,3.14285714285714
"171",171,3.14285714285714
"172",172,3.14285714285714
"173",173,3.14285714285714
"174",174,3.14285714285714
"175",175,3.42857142857143
"176",176,3.42857142857143
"177",177,3.42857142857143
"178",178,3.42857142857143
"179",179,3.42857142857143
"180",180,3.42857142857143
"181",181,3.42857142857143
"182",182,1.85714285714286
"183",183,1.85714285714286
"184",184,1.85714285714286
"185",185,1.85714285714286
"186",186,1.85714285714286
"187",187,1.85714285714286
"188",188,1.85714285714286
"189",189,1.42857142857143
"190",190,1.42857142857143
"191",191,1.42857142857143
"192",192,1.42857142857143
"193",193,1.42857142857143
"194",194,1.42857142857143
"195",195,1.42857142857143
"196",196,2.42857142857143
"197",197,2.42857142857143
"198",198,2.42857142857143
"199",199,2.42857142857143
"200",200,2.42857142857143
"201",201,2.42857142857143
"202",202,2.42857142857143
"203",203,2
"204",204,2
"205",205,2
"206",206,2
"207",207,2
"208",208,2
"209",209,2
"210",210,2.14285714285714
"211",211,2.14285714285714
"212",212,2.14285714285714
"213",213,2.14285714285714
"214",214,2.14285714285714
"215",215,2.14285714285714
"216",216,2.14285714285714
"217",217,2.14285714285714
"218",218,2.14285714285714
"219",219,2.14285714285714
"220",220,2.14285714285714
"221",221,2.14285714285714
"222",222,2.14285714285714
"223",223,2.14285714285714
"224",224,0.714285714285714
"225",225,0.714285714285714
"226",226,0.714285714285714
"227",227,0.714285714285714
"228",228,0.714285714285714
"229",229,0.714285714285714
"230",230,0.714285714285714
"231",231,1.57142857142857
"232",232,1.57142857142857
"233",233,1.57142857142857
"234",234,1.57142857142857
"235",235,1.57142857142857
"236",236,1.57142857142857
"237",237,1.57142857142857
"238",238,1.14285714285714
"239",239,1.14285714285714
"240",240,1.14285714285714
"241",241,1.14285714285714
"242",242,1.14285714285714
"243",243,1.14285714285714
"244",244,1.14285714285714
"245",245,4.42857142857143
"246",246,4.42857142857143
"247",247,4.42857142857143
"248",248,4.42857142857143
"249",249,4.42857142857143
"250",250,4.42857142857143
"251",251,4.42857142857143
"252",252,2.71428571428571
"253",253,2.71428571428571
"254",254,2.71428571428571
"255",255,2.71428571428571
"256",256,2.71428571428571
"257",257,2.71428571428571
"258",258,2.71428571428571
"259",259,2.71428571428571
"260",260,2.71428571428571
"261",261,2.71428571428571
"262",262,2.71428571428571
"263",263,2.71428571428571
"264",264,2.71428571428571
"265",265,2.71428571428571
"266",266,1.71428571428571
"267",267,1.71428571428571
"268",268,1.71428571428571
"269",269,1.71428571428571
"270",270,1.71428571428571
"271",271,1.71428571428571
"272",272,1.71428571428571
"273",273,2.14285714285714
"274",274,2.14285714285714
"275",275,2.14285714285714
"276",276,2.14285714285714
"277",277,2.14285714285714
"278",278,2.14285714285714
"279",279,2.14285714285714
"280",280,2.57142857142857
"281",281,2.57142857142857
"282",282,2.57142857142857
"283",283,2.57142857142857
"284",284,2.57142857142857
"285",285,2.57142857142857
"286",286,2.57142857142857
"287",287,2.14285714285714
"288",288,2.14285714285714
"289",289,2.14285714285714
"290",290,2.14285714285714
"291",291,2.14285714285714
"292",292,2.14285714285714
"293",293,2.14285714285714
"294",294,1
"295",295,1
"296",296,1
"297",297,1
"298",298,1
"299",299,1
"300",300,1
"301",301,11.7142857142857
"302",302,11.7142857142857
"303",303,11.7142857142857
"304",304,11.7142857142857
"305",305,11.7142857142857
"306",306,11.7142857142857
"307",307,11.7142857142857
"308",308,5.71428571428571
"309",309,5.71428571428571
"310",310,5.71428571428571
"311",311,5.71428571428571
"312",312,5.71428571428571
"313",313,5.71428571428571
"314",314,5.71428571428571
"315",315,3.42857142857143
"316",316,3.42857142857143
"317",317,3.42857142857143
"318",318,3.42857142857143
"319",319,3.42857142857143
"320",320,3.42857142857143
"321",321,3.42857142857143
"322",322,4.14285714285714
"323",323,4.14285714285714
"324",324,4.14285714285714
"325",325,4.14285714285714
"326",326,4.14285714285714
"327",327,4.14285714285714
"328",328,4.14285714285714
"329",329,4.71428571428571
"330",330,4.71428571428571
"331",331,4.71428571428571
"332",332,4.71428571428571
"333",333,4.71428571428571
"334",334,4.71428571428571
"335",335,4.71428571428571
"336",336,10.4285714285714
"337",337,10.4285714285714
"338",338,10.4285714285714
"339",339,10.4285714285714
"340",340,10.4285714285714
"341",341,10.4285714285714
"342",342,10.4285714285714
"343",343,7.71428571428571
"344",344,7.71428571428571
"345",345,7.71428571428571
"346",346,7.71428571428571
"347",347,7.71428571428571
"348",348,7.71428571428571
"349",349,7.71428571428571
"350",350,4.57142857142857
"351",351,4.57142857142857
"352",352,4.57142857142857
"353",353,4.57142857142857
"354",354,4.57142857142857
"355",355,4.57142857142857
"356",356,4.57142857142857
"357",357,9.28571428571429
"358",358,9.28571428571429
"359",359,9.28571428571429
"360",360,9.28571428571429
"361",361,9.28571428571429
"362",362,9.28571428571429
"363",363,9.28571428571429
"364",364,7.28571428571429
"365",365,7.28571428571429
"366",366,7.28571428571429
"367",367,7.28571428571429
"368",368,7.28571428571429
"369",369,7.28571428571429
"370",370,7.28571428571429
"371",371,5.42857142857143
"372",372,5.42857142857143
"373",373,5.42857142857143
"374",374,5.42857142857143
"375",375,5.42857142857143
"376",376,5.42857142857143
"377",377,5.42857142857143
"378",378,9.57142857142857
"379",379,9.57142857142857
"380",380,9.57142857142857
"381",381,9.57142857142857
"382",382,9.57142857142857
"383",383,9.57142857142857
"384",384,9.57142857142857
"385",385,8.14285714285714
"386",386,8.14285714285714
"387",387,8.14285714285714
"388",388,8.14285714285714
"389",389,8.14285714285714
"390",390,8.14285714285714
"391",391,8.14285714285714
"392",392,8.71428571428571
"393",393,8.71428571428571
"394",394,8.71428571428571
"395",395,8.71428571428571
"396",396,8.71428571428571
"397",397,8.71428571428571
"398",398,8.71428571428571
"399",399,9.71428571428571
"400",400,9.71428571428571
"401",401,9.71428571428571
"402",402,9.71428571428571
"403",403,9.71428571428571
"404",404,9.71428571428571
"405",405,9.71428571428571
"406",406,8.14285714285714
"407",407,8.14285714285714
"408",408,8.14285714285714
"409",409,8.14285714285714
"410",410,8.14285714285714
"411",411,8.14285714285714
"412",412,8.14285714285714
"413",413,226.285714285714
"414",414,226.285714285714
"415",415,226.285714285714
"416",416,226.285714285714
"417",417,226.285714285714
"418",418,226.285714285714
"419",419,226.285714285714
"420",420,108
"421",421,108
"422",422,108
"423",423,108
"424",424,108
"425",425,108
"426",426,108
"427",427,213.142857142857
"428",428,213.142857142857
"429",429,213.142857142857
"430",430,213.142857142857
"431",431,213.142857142857
"432",432,213.142857142857
"433",433,213.142857142857
"434",434,115.428571428571
"435",435,115.428571428571
"436",436,115.428571428571
"437",437,115.428571428571
"438",438,115.428571428571
"439",439,115.428571428571
"440",440,115.428571428571
"441",441,147
"442",442,147
"443",443,147
"444",444,147
"445",445,147
"446",446,147
"447",447,147
"448",448,170.714285714286
"449",449,170.714285714286
"450",450,170.714285714286
"451",451,170.714285714286
"452",452,170.714285714286
"453",453,170.714285714286
"454",454,170.714285714286
"455",455,94
"456",456,94
"457",457,94
"458",458,94
"459",459,94
"460",460,94
"461",461,94
"462",462,43.4285714285714
"463",463,43.4285714285714
"464",464,43.4285714285714
"465",465,43.4285714285714
"466",466,43.4285714285714
"467",467,43.4285714285714
"468",468,43.4285714285714
"469",469,47.7142857142857
"470",470,47.7142857142857
"471",471,47.7142857142857
"472",472,47.7142857142857
"473",473,47.7142857142857
"474",474,47.7142857142857
"475",475,47.7142857142857
"476",476,42.4285714285714
"477",477,42.4285714285714
"478",478,42.4285714285714
"479",479,42.4285714285714
"480",480,42.4285714285714
"481",481,42.4285714285714
"482",482,42.4285714285714
"483",483,24
"484",484,24
"485",485,24
"486",486,24
"487",487,24
"488",488,24
"489",489,24
"490",490,19.4285714285714
"491",491,19.4285714285714
"492",492,19.4285714285714
"493",493,19.4285714285714
"494",494,19.4285714285714
"495",495,19.4285714285714
"496",496,19.4285714285714
"497",497,17
"498",498,17
"499",499,17
"500",500,17
"501",501,17
"502",502,17
"503",503,17
"504",504,12.8571428571429
"505",505,12.8571428571429
"506",506,12.8571428571429
"507",507,12.8571428571429
"508",508,12.8571428571429
"509",509,12.8571428571429
"510",510,12.8571428571429
"511",511,8.71428571428571
"512",512,8.71428571428571
"513",513,8.71428571428571
"514",514,8.71428571428571
"515",515,8.71428571428571
"516",516,8.71428571428571
"517",517,8.71428571428571
"518",518,11.4285714285714
"519",519,11.4285714285714
"520",520,11.4285714285714
"521",521,11.4285714285714
"522",522,11.4285714285714
"523",523,11.4285714285714
"524",524,11.4285714285714
"525",525,8.14285714285714
"526",526,8.14285714285714
"527",527,8.14285714285714
"528",528,8.14285714285714
"529",529,8.14285714285714
"530",530,8.14285714285714
"531",531,8.14285714285714
"532",532,6.42857142857143
"533",533,6.42857142857143
"534",534,6.42857142857143
"535",535,6.42857142857143
"536",536,6.42857142857143
"537",537,6.42857142857143
"538",538,6.42857142857143
"539",539,7.57142857142857
"540",540,7.57142857142857
"541",541,7.57142857142857
"542",542,7.57142857142857
"543",543,7.57142857142857
"544",544,7.57142857142857
"545",545,7.57142857142857
"546",546,5.28571428571429
"547",547,5.28571428571429
"548",548,5.28571428571429
"549",549,5.28571428571429
"550",550,5.28571428571429
"551",551,5.28571428571429
"552",552,5.28571428571429
"553",553,13.5714285714286
"554",554,13.5714285714286
"555",555,13.5714285714286
"556",556,13.5714285714286
"557",557,13.5714285714286
"558",558,13.5714285714286
"559",559,13.5714285714286
"560",560,7.85714285714286
"561",561,7.85714285714286
"562",562,7.85714285714286
"563",563,7.85714285714286
"564",564,7.85714285714286
"565",565,7.85714285714286
"566",566,7.85714285714286
"567",567,7.28571428571429
"568",568,7.28571428571429
"569",569,7.28571428571429
"570",570,7.28571428571429
"571",571,7.28571428571429
"572",572,7.28571428571429
"573",573,7.28571428571429
"574",574,6.42857142857143
"575",575,6.42857142857143
"576",576,6.42857142857143
"577",577,6.42857142857143
"578",578,6.42857142857143
"579",579,6.42857142857143
"580",580,6.42857142857143
"581",581,10.2857142857143
"582",582,10.2857142857143
"583",583,10.2857142857143
"584",584,10.2857142857143
"585",585,10.2857142857143
"586",586,10.2857142857143
"587",587,10.2857142857143
"588",588,8.57142857142857
"589",589,8.57142857142857
"590",590,8.57142857142857
"591",591,8.57142857142857
"592",592,8.57142857142857
"593",593,8.57142857142857
"594",594,8.57142857142857
"595",595,10.4285714285714
"596",596,10.4285714285714
"597",597,10.4285714285714
"598",598,10.4285714285714
"599",599,10.4285714285714
"600",600,10.4285714285714
"601",601,10.4285714285714
"602",602,17.5714285714286
"603",603,17.5714285714286
"604",604,17.5714285714286
"605",605,17.5714285714286
"606",606,17.5714285714286
"607",607,17.5714285714286
"608",608,17.5714285714286
"609",609,19.5714285714286
"610",610,19.5714285714286
"611",611,19.5714285714286
"612",612,19.5714285714286
"613",613,19.5714285714286
"614",614,19.5714285714286
"615",615,19.5714285714286
"616",616,15
"617",617,15
"618",618,15
"619",619,15
"620",620,15
"621",621,15
"622",622,15
"623",623,12.2857142857143
"624",624,12.2857142857143
"625",625,12.2857142857143
"626",626,12.2857142857143
"627",627,12.2857142857143
"628",628,12.2857142857143
"629",629,12.2857142857143
"630",630,15.7142857142857
"631",631,15.7142857142857
"632",632,15.7142857142857
"633",633,15.7142857142857
"634",634,15.7142857142857
"635",635,15.7142857142857
"636",636,15.7142857142857
"637",637,122
"638",638,122
"639",639,122
"640",640,122
"641",641,122
"642",642,122
"643",643,122
"644",644,33.7142857142857
"645",645,33.7142857142857
"646",646,33.7142857142857
"647",647,33.7142857142857
"648",648,33.7142857142857
"649",649,33.7142857142857
"650",650,33.7142857142857
"651",651,33.2857142857143
"652",652,33.2857142857143
"653",653,33.2857142857143
"654",654,33.2857142857143
"655",655,33.2857142857143
"656",656,33.2857142857143
"657",657,33.2857142857143
"658",658,22.2857142857143
"659",659,22.2857142857143
"660",660,22.2857142857143
"661",661,22.2857142857143
"662",662,22.2857142857143
"663",663,22.2857142857143
"664",664,22.2857142857143
"665",665,21.8571428571429
"666",666,21.8571428571429
"667",667,21.8571428571429
"668",668,21.8571428571429
"669",669,21.8571428571429
"670",670,21.8571428571429
"671",671,21.8571428571429
"672",672,27
"673",673,27
"674",674,27
"675",675,27
"676",676,27
"677",677,27
"678",678,27
"679",679,26.2857142857143
"680",680,26.2857142857143
"681",681,26.2857142857143
"682",682,26.2857142857143
"683",683,26.2857142857143
"684",684,26.2857142857143
"685",685,26.2857142857143
"686",686,26.4285714285714
"687",687,26.4285714285714
"688",688,26.4285714285714
"689",689,26.4285714285714
"690",690,26.4285714285714
"691",691,26.4285714285714
"692",692,26.4285714285714
"693",693,20.2857142857143
"694",694,20.2857142857143
"695",695,20.2857142857143
"696",696,20.2857142857143
"697",697,20.2857142857143
"698",698,20.2857142857143
"699",699,20.2857142857143
"700",700,28.8571428571429
"701",701,28.8571428571429
"702",702,28.8571428571429
"703",703,28.8571428571429
"704",704,28.8571428571429
"705",705,28.8571428571429
"706",706,28.8571428571429
"707",707,49.8571428571429
"708",708,49.8571428571429
"709",709,49.8571428571429
"710",710,49.8571428571429
"711",711,49.8571428571429
"712",712,49.8571428571429
"713",713,49.8571428571429
"714",714,46.2857142857143
"715",715,46.2857142857143
"716",716,46.2857142857143
"717",717,46.2857142857143
"718",718,46.2857142857143
"719",719,46.2857142857143
"720",720,46.2857142857143
"721",721,45.2857142857143
"722",722,45.2857142857143
"723",723,45.2857142857143
"724",724,45.2857142857143
"725",725,45.2857142857143
"726",726,45.2857142857143
"727",727,45.2857142857143
"728",728,153
"729",729,153
"730",730,153
"731",731,153
"732",732,153
"733",733,153
"734",734,153
"735",735,70.5714285714286
"736",736,70.5714285714286
"737",737,70.5714285714286
"738",738,70.5714285714286
"739",739,70.5714285714286
"740",740,70.5714285714286
"741",741,70.5714285714286
"742",742,252.285714285714
"743",743,252.285714285714
"744",744,252.285714285714
"745",745,252.285714285714
"746",746,252.285714285714
"747",747,252.285714285714
"748",748,252.285714285714
"749",749,62.1428571428571
"750",750,62.1428571428571
"751",751,62.1428571428571
"752",752,62.1428571428571
"753",753,62.1428571428571
"754",754,62.1428571428571
"755",755,62.1428571428571
"756",756,53.1428571428571
"757",757,53.1428571428571
"758",758,53.1428571428571
"759",759,53.1428571428571
"760",760,53.1428571428571
"761",761,53.1428571428571
"762",762,53.1428571428571
"763",763,67.1428571428571
"764",764,67.1428571428571
"765",765,67.1428571428571
"766",766,67.1428571428571
"767",767,67.1428571428571
"768",768,67.1428571428571
"769",769,67.1428571428571
"770",770,44.1428571428571
"771",771,44.1428571428571
"772",772,44.1428571428571
"773",773,44.1428571428571
"774",774,44.1428571428571
"775",775,44.1428571428571
"776",776,44.1428571428571
"777",777,44.4285714285714
"778",778,44.4285714285714
"779",779,44.4285714285714
"780",780,44.4285714285714
"781",781,44.4285714285714
"782",782,44.4285714285714
"783",783,44.4285714285714
"784",784,47.4285714285714
"785",785,47.4285714285714
"786",786,47.4285714285714
"787",787,47.4285714285714
"788",788,47.4285714285714
"789",789,47.4285714285714
"790",790,47.4285714285714
"791",791,73.7142857142857
"792",792,73.7142857142857
"793",793,73.7142857142857
"794",794,73.7142857142857
"795",795,73.7142857142857
"796",796,73.7142857142857
"797",797,73.7142857142857
"798",798,37.5714285714286
"799",799,37.5714285714286
"800",800,37.5714285714286
"801",801,37.5714285714286
"802",802,37.5714285714286
"803",803,37.5714285714286
"804",804,37.5714285714286
"805",805,41.1428571428571
"806",806,41.1428571428571
"807",807,41.1428571428571
"808",808,41.1428571428571
"809",809,41.1428571428571
"810",810,41.1428571428571
"811",811,41.1428571428571
"812",812,37.2857142857143
"813",813,37.2857142857143
"814",814,37.2857142857143
"815",815,37.2857142857143
"816",816,37.2857142857143
"817",817,37.2857142857143
"818",818,37.2857142857143
"819",819,33.5714285714286
"820",820,33.5714285714286
"821",821,33.5714285714286
"822",822,33.5714285714286
"823",823,33.5714285714286
"824",824,33.5714285714286
"825",825,33.5714285714286
"826",826,42.4285714285714
"827",827,42.4285714285714
"828",828,42.4285714285714
"829",829,42.4285714285714
"830",830,42.4285714285714
"831",831,42.4285714285714
"832",832,42.4285714285714
"833",833,25
"834",834,25
"835",835,25
"836",836,25
"837",837,25
"838",838,25
"839",839,25
"840",840,18.8571428571429
"841",841,18.8571428571429
"842",842,18.8571428571429
"843",843,18.8571428571429
"844",844,18.8571428571429
"845",845,18.8571428571429
"846",846,18.8571428571429
"847",847,21.4285714285714
"848",848,21.4285714285714
"849",849,21.4285714285714
"850",850,21.4285714285714
"851",851,21.4285714285714
"852",852,21.4285714285714
"853",853,21.4285714285714
"854",854,36.4285714285714
"855",855,36.4285714285714
"856",856,36.4285714285714
"857",857,36.4285714285714
"858",858,36.4285714285714
"859",859,36.4285714285714
"860",860,36.4285714285714
"861",861,27.1428571428571
"862",862,27.1428571428571
"863",863,27.1428571428571
"864",864,27.1428571428571
"865",865,27.1428571428571
"866",866,27.1428571428571
"867",867,27.1428571428571
"868",868,20.2857142857143
"869",869,20.2857142857143
"870",870,20.2857142857143
"871",871,20.2857142857143
"872",872,20.2857142857143
"873",873,20.2857142857143
"874",874,20.2857142857143
"875",875,13.2857142857143
"876",876,13.2857142857143
"877",877,13.2857142857143
"878",878,13.2857142857143
"879",879,13.2857142857143
"880",880,13.2857142857143
"881",881,13.2857142857143
"882",882,12.1428571428571
"883",883,12.1428571428571
"884",884,12.1428571428571
"885",885,12.1428571428571
"886",886,12.1428571428571
"887",887,12.1428571428571
"888",888,12.1428571428571
"889",889,15
"890",890,15
"891",891,15
"892",892,15
"893",893,15
"894",894,15
"895",895,15
"896",896,10.1428571428571
"897",897,10.1428571428571
"898",898,10.1428571428571
"899",899,10.1428571428571
"900",900,10.1428571428571
"901",901,10.1428571428571
"902",902,10.1428571428571
"903",903,15.1428571428571
"904",904,15.1428571428571
"905",905,15.1428571428571
"906",906,15.1428571428571
"907",907,15.1428571428571
"908",908,15.1428571428571
"909",909,15.1428571428571
"910",910,10.1428571428571
"911",911,10.1428571428571
"912",912,10.1428571428571
"913",913,10.1428571428571
"914",914,10.1428571428571
"915",915,10.1428571428571
"916",916,10.1428571428571
"917",917,8.42857142857143
"918",918,8.42857142857143
"919",919,8.42857142857143
"920",920,8.42857142857143
"921",921,8.42857142857143
"922",922,8.42857142857143
"923",923,8.42857142857143
"924",924,8
"925",925,8
"926",926,8
"927",927,8
"928",928,8
"929",929,8
"930",930,8
"931",931,8.42857142857143
"932",932,8.42857142857143
"933",933,8.42857142857143
"934",934,8.42857142857143
"935",935,8.42857142857143
"936",936,8.42857142857143
"937",937,8.42857142857143
"938",938,7.57142857142857
"939",939,7.57142857142857
"940",940,7.57142857142857
"941",941,7.57142857142857
"942",942,7.57142857142857
"943",943,7.57142857142857
"944",944,7.57142857142857
"945",945,7.42857142857143
"946",946,7.42857142857143
"947",947,7.42857142857143
"948",948,7.42857142857143
"949",949,7.42857142857143
"950",950,7.42857142857143
"951",951,7.42857142857143
"952",952,8.14285714285714
"953",953,8.14285714285714
"954",954,8.14285714285714
"955",955,8.14285714285714
"956",956,8.14285714285714
"957",957,8.14285714285714
"958",958,8.14285714285714
"959",959,10.8571428571429
"960",960,10.8571428571429
"961",961,10.8571428571429
"962",962,10.8571428571429
"963",963,10.8571428571429
"964",964,10.8571428571429
"965",965,10.8571428571429
"966",966,11.7142857142857
"967",967,11.7142857142857
"968",968,11.7142857142857
"969",969,11.7142857142857
"970",970,11.7142857142857
"971",971,11.7142857142857
"972",972,11.7142857142857
"973",973,7.42857142857143
"974",974,7.42857142857143
"975",975,7.42857142857143
"976",976,7.42857142857143
"977",977,7.42857142857143
"978",978,7.42857142857143
"979",979,7.42857142857143
"980",980,16
"981",981,16
"982",982,16
"983",983,16
"984",984,16
"985",985,16
"986",986,16
"987",987,11.4285714285714
"988",988,11.4285714285714
"989",989,11.4285714285714
"990",990,11.4285714285714
"991",991,11.4285714285714
"992",992,11.4285714285714
"993",993,11.4285714285714
"994",994,11.2857142857143
"995",995,11.2857142857143
"996",996,11.2857142857143
"997",997,11.2857142857143
"998",998,11.2857142857143
"999",999,11.2857142857143
"1000",1000,11.2857142857143
"1001",1001,7.57142857142857
"1002",1002,7.57142857142857
"1003",1003,7.57142857142857
"1004",1004,7.57142857142857
"1005",1005,7.57142857142857
"1006",1006,7.57142857142857
"1007",1007,7.57142857142857
"1008",1008,12.8571428571429
"1009",1009,12.8571428571429
"1010",1010,12.8571428571429
"1011",1011,12.8571428571429
"1012",1012,12.8571428571429
"1013",1013,12.8571428571429
"1014",1014,12.8571428571429
"1015",1015,9.71428571428571
"1016",1016,9.71428571428571
"1017",1017,9.71428571428571
"1018",1018,9.71428571428571
"1019",1019,9.71428571428571
"1020",1020,9.71428571428571
"1021",1021,9.71428571428571
"1022",1022,10.1428571428571
"1023",1023,10.1428571428571
"1024",1024,10.1428571428571
"1025",1025,10.1428571428571
"1026",1026,10.1428571428571
"1027",1027,10.1428571428571
"1028",1028,10.1428571428571
"1029",1029,9
"1030",1030,9
"1031",1031,9
"1032",1032,9
"1033",1033,9
"1034",1034,9
"1035",1035,9
"1036",1036,7.42857142857143
"1037",1037,7.42857142857143
"1038",1038,7.42857142857143
"1039",1039,7.42857142857143
"1040",1040,7.42857142857143
"1041",1041,7.42857142857143
"1042",1042,7.42857142857143
"1043",1043,18.2857142857143
"1044",1044,18.2857142857143
"1045",1045,18.2857142857143
"1046",1046,18.2857142857143
"1047",1047,18.2857142857143
"1048",1048,18.2857142857143
"1049",1049,18.2857142857143
"1050",1050,29.2857142857143
"1051",1051,29.2857142857143
"1052",1052,29.2857142857143
"1053",1053,29.2857142857143
"1054",1054,29.2857142857143
"1055",1055,29.2857142857143
"1056",1056,29.2857142857143
"1057",1057,25.2857142857143
"1058",1058,25.2857142857143
"1059",1059,25.2857142857143
"1060",1060,25.2857142857143
"1061",1061,25.2857142857143
"1062",1062,25.2857142857143
"1063",1063,25.2857142857143
"1064",1064,31.8571428571429
"1065",1065,31.8571428571429
"1066",1066,31.8571428571429
"1067",1067,31.8571428571429
"1068",1068,31.8571428571429
"1069",1069,31.8571428571429
"1070",1070,31.8571428571429
"1071",1071,46.4285714285714
"1072",1072,46.4285714285714
"1073",1073,46.4285714285714
"1074",1074,46.4285714285714
"1075",1075,46.4285714285714
"1076",1076,46.4285714285714
"1077",1077,46.4285714285714
"1078",1078,39
"1079",1079,39
"1080",1080,39
"1081",1081,39
"1082",1082,39
"1083",1083,39
"1084",1084,39
"1085",1085,79.4285714285714
"1086",1086,79.4285714285714
"1087",1087,79.4285714285714
"1088",1088,79.4285714285714
"1089",1089,79.4285714285714
"1090",1090,79.4285714285714
"1091",1091,79.4285714285714
"1092",1092,37.8571428571429
"1093",1093,37.8571428571429
"1094",1094,37.8571428571429
"1095",1095,37.8571428571429
"1096",1096,37.8571428571429
"1097",1097,37.8571428571429
"1098",1098,37.8571428571429
"1099",1099,32.7142857142857
"1100",1100,32.7142857142857
"1101",1101,32.7142857142857
"1102",1102,32.7142857142857
"1103",1103,32.7142857142857
"1104",1104,32.7142857142857
"1105",1105,32.7142857142857
"1106",1106,33.1428571428571
"1107",1107,33.1428571428571
"1108",1108,33.1428571428571
"1109",1109,33.1428571428571
"1110",1110,33.1428571428571
"1111",1111,33.1428571428571
"1112",1112,33.1428571428571
"1113",1113,39.1428571428571
"1114",1114,39.1428571428571
"1115",1115,39.1428571428571
"1116",1116,39.1428571428571
"1117",1117,39.1428571428571
"1118",1118,39.1428571428571
"1119",1119,39.1428571428571
"1120",1120,88.8571428571429
"1121",1121,88.8571428571429
"1122",1122,88.8571428571429
"1123",1123,88.8571428571429
"1124",1124,88.8571428571429
"1125",1125,88.8571428571429
"1126",1126,88.8571428571429
"1127",1127,158.285714285714
"1128",1128,158.285714285714
"1129",1129,158.285714285714
"1130",1130,158.285714285714
"1131",1131,158.285714285714
"1132",1132,158.285714285714
"1133",1133,158.285714285714
"1134",1134,37.1428571428571
"1135",1135,37.1428571428571
"1136",1136,37.1428571428571
"1137",1137,37.1428571428571
"1138",1138,37.1428571428571
"1139",1139,37.1428571428571
"1140",1140,37.1428571428571
"1141",1141,37.8571428571429
"1142",1142,37.8571428571429
"1143",1143,37.8571428571429
"1144",1144,37.8571428571429
"1145",1145,37.8571428571429
"1146",1146,37.8571428571429
"1147",1147,37.8571428571429
"1148",1148,51.1428571428571
"1149",1149,51.1428571428571
"1150",1150,51.1428571428571
"1151",1151,51.1428571428571
"1152",1152,51.1428571428571
"1153",1153,51.1428571428571
"1154",1154,51.1428571428571
"1155",1155,37.4285714285714
"1156",1156,37.4285714285714
"1157",1157,37.4285714285714
"1158",1158,37.4285714285714
"1159",1159,37.4285714285714
"1160",1160,37.4285714285714
"1161",1161,37.4285714285714
"1162",1162,31
"1163",1163,31
"1164",1164,31
"1165",1165,31
"1166",1166,31
"1167",1167,31
"1168",1168,31
"1169",1169,41.7142857142857
"1170",1170,41.7142857142857
"1171",1171,41.7142857142857
"1172",1172,41.7142857142857
"1173",1173,41.7142857142857
"1174",1174,41.7142857142857
"1175",1175,41.7142857142857
"1176",1176,32.5714285714286
"1177",1177,32.5714285714286
"1178",1178,32.5714285714286
"1179",1179,32.5714285714286
"1180",1180,32.5714285714286
"1181",1181,32.5714285714286
"1182",1182,32.5714285714286
"1183",1183,24
"1184",1184,24
"1185",1185,24
"1186",1186,24
"1187",1187,24
"1188",1188,24
"1189",1189,24
"1190",1190,25.4285714285714
"1191",1191,25.4285714285714
"1192",1192,25.4285714285714
"1193",1193,25.4285714285714
"1194",1194,25.4285714285714
"1195",1195,25.4285714285714
"1196",1196,25.4285714285714
"1197",1197,19
"1198",1198,19
"1199",1199,19
"1200",1200,19
"1201",1201,19
"1202",1202,19
"1203",1203,19
"1204",1204,140
"1205",1205,140
"1206",1206,140
"1207",1207,140
"1208",1208,140
"1209",1209,140
"1210",1210,140
"1211",1211,52.2857142857143
"1212",1212,52.2857142857143
"1213",1213,52.2857142857143
"1214",1214,52.2857142857143
"1215",1215,52.2857142857143
"1216",1216,52.2857142857143
"1217",1217,52.2857142857143
"1218",1218,23.4285714285714
"1219",1219,23.4285714285714
"1220",1220,23.4285714285714
"1221",1221,23.4285714285714
"1222",1222,23.4285714285714
"1223",1223,23.4285714285714
"1224",1224,23.4285714285714
"1225",1225,23.2857142857143
"1226",1226,23.2857142857143
"1227",1227,23.2857142857143
"1228",1228,23.2857142857143
"1229",1229,23.2857142857143
"1230",1230,23.2857142857143
"1231",1231,23.2857142857143
"1232",1232,93.4285714285714
"1233",1233,93.4285714285714
"1234",1234,93.4285714285714
"1235",1235,93.4285714285714
"1236",1236,93.4285714285714
"1237",1237,93.4285714285714
"1238",1238,93.4285714285714
"1239",1239,45.2857142857143
"1240",1240,45.2857142857143
"1241",1241,45.2857142857143
"1242",1242,45.2857142857143
"1243",1243,45.2857142857143
"1244",1244,45.2857142857143
"1245",1245,45.2857142857143
"1246",1246,39.2857142857143
"1247",1247,39.2857142857143
"1248",1248,39.2857142857143
"1249",1249,39.2857142857143
"1250",1250,39.2857142857143
"1251",1251,39.2857142857143
"1252",1252,39.2857142857143
"1253",1253,15.1428571428571
"1254",1254,15.1428571428571
"1255",1255,15.1428571428571
"1256",1256,15.1428571428571
"1257",1257,15.1428571428571
"1258",1258,15.1428571428571
"1259",1259,15.1428571428571
"1260",1260,13.4285714285714
"1261",1261,13.4285714285714
"1262",1262,13.4285714285714
"1263",1263,13.4285714285714
"1264",1264,13.4285714285714
"1265",1265,13.4285714285714
"1266",1266,13.4285714285714
"1267",1267,14.2857142857143
"1268",1268,14.2857142857143
"1269",1269,14.2857142857143
"1270",1270,14.2857142857143
"1271",1271,14.2857142857143
"1272",1272,14.2857142857143
"1273",1273,14.2857142857143
"1274",1274,10.4285714285714
"1275",1275,10.4285714285714
"1276",1276,10.4285714285714
"1277",1277,10.4285714285714
"1278",1278,10.4285714285714
"1279",1279,10.4285714285714
"1280",1280,10.4285714285714
"1281",1281,5.14285714285714
"1282",1282,5.14285714285714
"1283",1283,5.14285714285714
"1284",1284,5.14285714285714
"1285",1285,5.14285714285714
"1286",1286,5.14285714285714
"1287",1287,5.14285714285714
"1288",1288,10.7142857142857
"1289",1289,10.7142857142857
"1290",1290,10.7142857142857
"1291",1291,10.7142857142857
"1292",1292,10.7142857142857
"1293",1293,10.7142857142857
"1294",1294,10.7142857142857
"1295",1295,8.57142857142857
"1296",1296,8.57142857142857
"1297",1297,8.57142857142857
"1298",1298,8.57142857142857
"1299",1299,8.57142857142857
"1300",1300,8.57142857142857
"1301",1301,8.57142857142857
"1302",1302,8.42857142857143
"1303",1303,8.42857142857143
"1304",1304,8.42857142857143
"1305",1305,8.42857142857143
"1306",1306,8.42857142857143
"1307",1307,8.42857142857143
"1308",1308,8.42857142857143
"1309",1309,9
"1310",1310,9
"1311",1311,9
"1312",1312,9
"1313",1313,9
"1314",1314,9
"1315",1315,9
"1316",1316,8.42857142857143
"1317",1317,8.42857142857143
"1318",1318,8.42857142857143
"1319",1319,8.42857142857143
"1320",1320,8.42857142857143
"1321",1321,8.42857142857143
"1322",1322,8.42857142857143
"1323",1323,13.5714285714286
"1324",1324,13.5714285714286
"1325",1325,13.5714285714286
"1326",1326,13.5714285714286
"1327",1327,13.5714285714286
"1328",1328,13.5714285714286
"1329",1329,13.5714285714286
"1330",1330,13.8571428571429
"1331",1331,13.8571428571429
"1332",1332,13.8571428571429
"1333",1333,13.8571428571429
"1334",1334,13.8571428571429
"1335",1335,13.8571428571429
"1336",1336,13.8571428571429
"1337",1337,9.42857142857143
"1338",1338,9.42857142857143
"1339",1339,9.42857142857143
"1340",1340,9.42857142857143
"1341",1341,9.42857142857143
"1342",1342,9.42857142857143
"1343",1343,9.42857142857143
"1344",1344,8.71428571428571
"1345",1345,8.71428571428571
"1346",1346,8.71428571428571
"1347",1347,8.71428571428571
"1348",1348,8.71428571428571
"1349",1349,8.71428571428571
"1350",1350,8.71428571428571
"1351",1351,12.1428571428571
"1352",1352,12.1428571428571
"1353",1353,12.1428571428571
"1354",1354,12.1428571428571
"1355",1355,12.1428571428571
"1356",1356,12.1428571428571
"1357",1357,12.1428571428571
"1358",1358,15
"1359",1359,15
"1360",1360,15
"1361",1361,15
"1362",1362,15
"1363",1363,15
"1364",1364,15
"1365",1365,14
"1366",1366,14
"1367",1367,14
"1368",1368,14
"1369",1369,14
"1370",1370,14
"1371",1371,14
"1372",1372,10.4285714285714
"1373",1373,10.4285714285714
"1374",1374,10.4285714285714
"1375",1375,10.4285714285714
"1376",1376,10.4285714285714
"1377",1377,10.4285714285714
"1378",1378,10.4285714285714
"1379",1379,9
"1380",1380,9
"1381",1381,9
"1382",1382,9
"1383",1383,9
"1384",1384,9
"1385",1385,9
"1386",1386,11.2857142857143
"1387",1387,11.2857142857143
"1388",1388,11.2857142857143
"1389",1389,11.2857142857143
"1390",1390,11.2857142857143
"1391",1391,11.2857142857143
"1392",1392,11.2857142857143
"1393",1393,20.8571428571429
"1394",1394,20.8571428571429
"1395",1395,20.8571428571429
"1396",1396,20.8571428571429
"1397",1397,20.8571428571429
"1398",1398,20.8571428571429
"1399",1399,20.8571428571429
"1400",1400,15.5714285714286
"1401",1401,15.5714285714286
"1402",1402,15.5714285714286
"1403",1403,15.5714285714286
"1404",1404,15.5714285714286
"1405",1405,15.5714285714286
"1406",1406,15.5714285714286
"1407",1407,17.4285714285714
"1408",1408,17.4285714285714
"1409",1409,17.4285714285714
"1410",1410,17.4285714285714
"1411",1411,17.4285714285714
"1412",1412,17.4285714285714
"1413",1413,17.4285714285714
"1414",1414,22.7142857142857
"1415",1415,22.7142857142857
"1416",1416,22.7142857142857
"1417",1417,22.7142857142857
"1418",1418,22.7142857142857
"1419",1419,22.7142857142857
"1420",1420,22.7142857142857
"1421",1421,30.7142857142857
"1422",1422,30.7142857142857
"1423",1423,30.7142857142857
"1424",1424,30.7142857142857
"1425",1425,30.7142857142857
"1426",1426,30.7142857142857
"1427",1427,30.7142857142857
"1428",1428,21.5714285714286
"1429",1429,21.5714285714286
"1430",1430,21.5714285714286
"1431",1431,21.5714285714286
"1432",1432,21.5714285714286
"1433",1433,21.5714285714286
"1434",1434,21.5714285714286
"1435",1435,18
"1436",1436,18
"1437",1437,18
"1438",1438,18
"1439",1439,18
"1440",1440,18
"1441",1441,18
"1442",1442,79.7142857142857
"1443",1443,79.7142857142857
"1444",1444,79.7142857142857
"1445",1445,79.7142857142857
"1446",1446,79.7142857142857
"1447",1447,79.7142857142857
"1448",1448,79.7142857142857
"1449",1449,172.857142857143
"1450",1450,172.857142857143
"1451",1451,172.857142857143
"1452",1452,172.857142857143
"1453",1453,172.857142857143
"1454",1454,172.857142857143
"1455",1455,172.857142857143
"1456",1456,168.571428571429
"1457",1457,168.571428571429
"1458",1458,168.571428571429
"1459",1459,168.571428571429
"1460",1460,168.571428571429
"1461",1461,168.571428571429
"1462",1462,168.571428571429
"1463",1463,73.4285714285714
"1464",1464,73.4285714285714
"1465",1465,73.4285714285714
"1466",1466,73.4285714285714
"1467",1467,73.4285714285714
"1468",1468,73.4285714285714
"1469",1469,73.4285714285714
"1470",1470,52.2857142857143
"1471",1471,52.2857142857143
"1472",1472,52.2857142857143
"1473",1473,52.2857142857143
"1474",1474,52.2857142857143
"1475",1475,52.2857142857143
"1476",1476,52.2857142857143
"1477",1477,78
"1478",1478,78
"1479",1479,78
"1480",1480,78
"1481",1481,78
"1482",1482,78
"1483",1483,78
"1484",1484,42.5714285714286
"1485",1485,42.5714285714286
"1486",1486,42.5714285714286
"1487",1487,42.5714285714286
"1488",1488,42.5714285714286
"1489",1489,42.5714285714286
"1490",1490,42.5714285714286
"1491",1491,50.2857142857143
"1492",1492,50.2857142857143
"1493",1493,50.2857142857143
"1494",1494,50.2857142857143
"1495",1495,50.2857142857143
"1496",1496,50.2857142857143
"1497",1497,50.2857142857143
"1498",1498,34.7142857142857
"1499",1499,34.7142857142857
"1500",1500,34.7142857142857
"1501",1501,34.7142857142857
"1502",1502,34.7142857142857
"1503",1503,34.7142857142857
"1504",1504,34.7142857142857
"1505",1505,51.1428571428571
"1506",1506,51.1428571428571
"1507",1507,51.1428571428571
"1508",1508,51.1428571428571
"1509",1509,51.1428571428571
"1510",1510,51.1428571428571
"1511",1511,51.1428571428571
"1512",1512,198.571428571429
"1513",1513,198.571428571429
"1514",1514,198.571428571429
"1515",1515,198.571428571429
"1516",1516,198.571428571429
"1517",1517,198.571428571429
"1518",1518,198.571428571429
"1519",1519,228.857142857143
"1520",1520,228.857142857143
"1521",1521,228.857142857143
"1522",1522,228.857142857143
"1523",1523,228.857142857143
"1524",1524,228.857142857143
"1525",1525,228.857142857143
"1526",1526,65.7142857142857
"1527",1527,65.7142857142857
"1528",1528,65.7142857142857
"1529",1529,65.7142857142857
"1530",1530,65.7142857142857
"1531",1531,65.7142857142857
"1532",1532,65.7142857142857
"1533",1533,70.5714285714286
"1534",1534,70.5714285714286
"1535",1535,70.5714285714286
"1536",1536,70.5714285714286
"1537",1537,70.5714285714286
"1538",1538,70.5714285714286
"1539",1539,70.5714285714286
"1540",1540,53.1428571428571
"1541",1541,53.1428571428571
"1542",1542,53.1428571428571
"1543",1543,53.1428571428571
"1544",1544,53.1428571428571
"1545",1545,53.1428571428571
"1546",1546,53.1428571428571
"1547",1547,41.1428571428571
"1548",1548,41.1428571428571
"1549",1549,41.1428571428571
"1550",1550,41.1428571428571
"1551",1551,41.1428571428571
"1552",1552,41.1428571428571
"1553",1553,41.1428571428571
"1554",1554,35.2857142857143
"1555",1555,35.2857142857143
"1556",1556,35.2857142857143
"1557",1557,35.2857142857143
"1558",1558,35.2857142857143
"1559",1559,35.2857142857143
"1560",1560,35.2857142857143
"1561",1561,35.7142857142857
"1562",1562,35.7142857142857
"1563",1563,35.7142857142857
"1564",1564,35.7142857142857
"1565",1565,35.7142857142857
"1566",1566,35.7142857142857
"1567",1567,35.7142857142857
"1568",1568,57
"1569",1569,57
"1570",1570,57
"1571",1571,57
"1572",1572,57
"1573",1573,57
"1574",1574,57
"1575",1575,55.4285714285714
"1576",1576,55.4285714285714
"1577",1577,55.4285714285714
"1578",1578,55.4285714285714
"1579",1579,55.4285714285714
"1580",1580,55.4285714285714
"1581",1581,55.4285714285714
"1582",1582,36.7142857142857
"1583",1583,36.7142857142857
"1584",1584,36.7142857142857
"1585",1585,36.7142857142857
"1586",1586,36.7142857142857
"1587",1587,36.7142857142857
"1588",1588,36.7142857142857
"1589",1589,29
"1590",1590,29
"1591",1591,29
"1592",1592,29
"1593",1593,29
"1594",1594,29
"1595",1595,29
"1596",1596,21.8571428571429
"1597",1597,21.8571428571429
"1598",1598,21.8571428571429
"1599",1599,21.8571428571429
"1600",1600,21.8571428571429
"1601",1601,21.8571428571429
"1602",1602,21.8571428571429
"1603",1603,19.2857142857143
"1604",1604,19.2857142857143
"1605",1605,19.2857142857143
"1606",1606,19.2857142857143
"1607",1607,19.2857142857143
"1608",1608,19.2857142857143
"1609",1609,19.2857142857143
"1610",1610,18.4285714285714
"1611",1611,18.4285714285714
"1612",1612,18.4285714285714
"1613",1613,18.4285714285714
"1614",1614,18.4285714285714
"1615",1615,18.4285714285714
"1616",1616,18.4285714285714
"1617",1617,13.5714285714286
"1618",1618,13.5714285714286
"1619",1619,13.5714285714286
"1620",1620,13.5714285714286
"1621",1621,13.5714285714286
"1622",1622,13.5714285714286
"1623",1623,13.5714285714286
"1624",1624,19.5714285714286
"1625",1625,19.5714285714286
"1626",1626,19.5714285714286
"1627",1627,19.5714285714286
"1628",1628,19.5714285714286
"1629",1629,19.5714285714286
"1630",1630,19.5714285714286
"1631",1631,12.5714285714286
"1632",1632,12.5714285714286
"1633",1633,12.5714285714286
"1634",1634,12.5714285714286
"1635",1635,12.5714285714286
"1636",1636,12.5714285714286
"1637",1637,12.5714285714286
"1638",1638,20
"1639",1639,20
"1640",1640,20
"1641",1641,20
"1642",1642,20
"1643",1643,20
"1644",1644,20
"1645",1645,17.1428571428571
"1646",1646,17.1428571428571
"1647",1647,17.1428571428571
"1648",1648,17.1428571428571
"1649",1649,17.1428571428571
"1650",1650,17.1428571428571
"1651",1651,17.1428571428571
"1652",1652,14.2857142857143
"1653",1653,14.2857142857143
"1654",1654,14.2857142857143
"1655",1655,14.2857142857143
"1656",1656,14.2857142857143
"1657",1657,14.2857142857143
"1658",1658,14.2857142857143
"1659",1659,10.7142857142857
"1660",1660,10.7142857142857
"1661",1661,10.7142857142857
"1662",1662,10.7142857142857
"1663",1663,10.7142857142857
"1664",1664,10.7142857142857
"1665",1665,10.7142857142857
"1666",1666,18.8571428571429
"1667",1667,18.8571428571429
"1668",1668,18.8571428571429
"1669",1669,18.8571428571429
"1670",1670,18.8571428571429
"1671",1671,18.8571428571429
"1672",1672,18.8571428571429
"1673",1673,20.8571428571429
"1674",1674,20.8571428571429
"1675",1675,20.8571428571429
"1676",1676,20.8571428571429
"1677",1677,20.8571428571429
"1678",1678,20.8571428571429
"1679",1679,20.8571428571429
"1680",1680,53.7142857142857
"1681",1681,53.7142857142857
"1682",1682,53.7142857142857
"1683",1683,53.7142857142857
"1684",1684,53.7142857142857
"1685",1685,53.7142857142857
"1686",1686,53.7142857142857
"1687",1687,23.5714285714286
"1688",1688,23.5714285714286
"1689",1689,23.5714285714286
"1690",1690,23.5714285714286
"1691",1691,23.5714285714286
"1692",1692,23.5714285714286
"1693",1693,23.5714285714286
"1694",1694,26
"1695",1695,26
"1696",1696,26
"1697",1697,26
"1698",1698,26
"1699",1699,26
"1700",1700,26
"1701",1701,24.4285714285714
"1702",1702,24.4285714285714
"1703",1703,24.4285714285714
"1704",1704,24.4285714285714
"1705",1705,24.4285714285714
"1706",1706,24.4285714285714
"1707",1707,24.4285714285714
"1708",1708,30.2857142857143
"1709",1709,30.2857142857143
"1710",1710,30.2857142857143
"1711",1711,30.2857142857143
"1712",1712,30.2857142857143
"1713",1713,30.2857142857143
"1714",1714,30.2857142857143
"1715",1715,20.1428571428571
"1716",1716,20.1428571428571
"1717",1717,20.1428571428571
"1718",1718,20.1428571428571
"1719",1719,20.1428571428571
"1720",1720,20.1428571428571
"1721",1721,20.1428571428571
"1722",1722,20.1428571428571
"1723",1723,20.1428571428571
"1724",1724,20.1428571428571
"1725",1725,20.1428571428571
"1726",1726,20.1428571428571
"1727",1727,20.1428571428571
"1728",1728,20.1428571428571
"1729",1729,22.5714285714286
"1730",1730,22.5714285714286
"1731",1731,22.5714285714286
"1732",1732,22.5714285714286
"1733",1733,22.5714285714286
"1734",1734,22.5714285714286
"1735",1735,22.5714285714286
"1736",1736,22.2857142857143
"1737",1737,22.2857142857143
"1738",1738,22.2857142857143
"1739",1739,22.2857142857143
"1740",1740,22.2857142857143
"1741",1741,22.2857142857143
"1742",1742,22.2857142857143
"1743",1743,23.2857142857143
"1744",1744,23.2857142857143
"1745",1745,23.2857142857143
"1746",1746,23.2857142857143
"1747",1747,23.2857142857143
"1748",1748,23.2857142857143
"1749",1749,23.2857142857143
"1750",1750,36
"1751",1751,36
"1752",1752,36
"1753",1753,36
"1754",1754,36
"1755",1755,36
"1756",1756,36
"1757",1757,25.8571428571429
"1758",1758,25.8571428571429
"1759",1759,25.8571428571429
"1760",1760,25.8571428571429
"1761",1761,25.8571428571429
"1762",1762,25.8571428571429
"1763",1763,25.8571428571429
"1764",1764,40.1428571428571
"1765",1765,40.1428571428571
"1766",1766,40.1428571428571
"1767",1767,40.1428571428571
"1768",1768,40.1428571428571
"1769",1769,40.1428571428571
"1770",1770,40.1428571428571
"1771",1771,29.4285714285714
"1772",1772,29.4285714285714
"1773",1773,29.4285714285714
"1774",1774,29.4285714285714
"1775",1775,29.4285714285714
"1776",1776,29.4285714285714
"1777",1777,29.4285714285714
"1778",1778,42.7142857142857
"1779",1779,42.7142857142857
"1780",1780,42.7142857142857
"1781",1781,42.7142857142857
"1782",1782,42.7142857142857
"1783",1783,42.7142857142857
"1784",1784,42.7142857142857
"1785",1785,37.4285714285714
"1786",1786,37.4285714285714
"1787",1787,37.4285714285714
"1788",1788,37.4285714285714
"1789",1789,37.4285714285714
"1790",1790,37.4285714285714
"1791",1791,37.4285714285714
"1792",1792,40.2857142857143
"1793",1793,40.2857142857143
"1794",1794,40.2857142857143
"1795",1795,40.2857142857143
"1796",1796,40.2857142857143
"1797",1797,40.2857142857143
"1798",1798,40.2857142857143
"1799",1799,41.2857142857143
"1800",1800,41.2857142857143
"1801",1801,41.2857142857143
"1802",1802,41.2857142857143
"1803",1803,41.2857142857143
"1804",1804,41.2857142857143
"1805",1805,41.2857142857143
"1806",1806,35.2857142857143
"1807",1807,35.2857142857143
"1808",1808,35.2857142857143
"1809",1809,35.2857142857143
"1810",1810,35.2857142857143
"1811",1811,35.2857142857143
"1812",1812,35.2857142857143
"1813",1813,93.4285714285714
"1814",1814,93.4285714285714
"1815",1815,93.4285714285714
"1816",1816,93.4285714285714
"1817",1817,93.4285714285714
"1818",1818,93.4285714285714
"1819",1819,93.4285714285714
"1820",1820,50.4285714285714
"1821",1821,50.4285714285714
"1822",1822,50.4285714285714
"1823",1823,50.4285714285714
"1824",1824,50.4285714285714
"1825",1825,50.4285714285714
"1826",1826,50.4285714285714
"1827",1827,50.5714285714286
"1828",1828,50.5714285714286
"1829",1829,50.5714285714286
"1830",1830,50.5714285714286
"1831",1831,50.5714285714286
"1832",1832,50.5714285714286
"1833",1833,50.5714285714286
"1834",1834,65.4285714285714
"1835",1835,65.4285714285714
"1836",1836,65.4285714285714
"1837",1837,65.4285714285714
"1838",1838,65.4285714285714
"1839",1839,65.4285714285714
"1840",1840,65.4285714285714
"1841",1841,70.7142857142857
"1842",1842,70.7142857142857
"1843",1843,70.7142857142857
"1844",1844,70.7142857142857
"1845",1845,70.7142857142857
"1846",1846,70.7142857142857
"1847",1847,70.7142857142857
"1848",1848,61.8571428571429
"1849",1849,61.8571428571429
"1850",1850,61.8571428571429
"1851",1851,61.8571428571429
"1852",1852,61.8571428571429
"1853",1853,61.8571428571429
"1854",1854,61.8571428571429
"1855",1855,92.8571428571429
"1856",1856,92.8571428571429
"1857",1857,92.8571428571429
"1858",1858,92.8571428571429
"1859",1859,92.8571428571429
"1860",1860,92.8571428571429
"1861",1861,92.8571428571429
"1862",1862,49.5714285714286
"1863",1863,49.5714285714286
"1864",1864,49.5714285714286
"1865",1865,49.5714285714286
"1866",1866,49.5714285714286
"1867",1867,49.5714285714286
"1868",1868,49.5714285714286
"1869",1869,59
"1870",1870,59
"1871",1871,59
"1872",1872,59
"1873",1873,59
"1874",1874,59
"1875",1875,59
"1876",1876,55.2857142857143
"1877",1877,55.2857142857143
"1878",1878,55.2857142857143
"1879",1879,55.2857142857143
"1880",1880,55.2857142857143
"1881",1881,55.2857142857143
"1882",1882,55.2857142857143
"1883",1883,45
"1884",1884,45
"1885",1885,45
"1886",1886,45
"1887",1887,45
"1888",1888,45
"1889",1889,45
"1890",1890,51.2857142857143
"1891",1891,51.2857142857143
"1892",1892,51.2857142857143
"1893",1893,51.2857142857143
"1894",1894,51.2857142857143
"1895",1895,51.2857142857143
"1896",1896,51.2857142857143
"1897",1897,94.7142857142857
"1898",1898,94.7142857142857
"1899",1899,94.7142857142857
"1900",1900,94.7142857142857
"1901",1901,94.7142857142857
"1902",1902,94.7142857142857
"1903",1903,94.7142857142857
"1904",1904,46.1428571428571
"1905",1905,46.1428571428571
"1906",1906,46.1428571428571
"1907",1907,46.1428571428571
"1908",1908,46.1428571428571
"1909",1909,46.1428571428571
"1910",1910,46.1428571428571
"1911",1911,34.7142857142857
"1912",1912,34.7142857142857
"1913",1913,34.7142857142857
"1914",1914,34.7142857142857
"1915",1915,34.7142857142857
"1916",1916,34.7142857142857
"1917",1917,34.7142857142857
"1918",1918,25.5714285714286
"1919",1919,25.5714285714286
"1920",1920,25.5714285714286
"1921",1921,25.5714285714286
"1922",1922,25.5714285714286
"1923",1923,25.5714285714286
"1924",1924,25.5714285714286
"1925",1925,26
"1926",1926,26
"1927",1927,26
"1928",1928,26
"1929",1929,26
"1930",1930,26
"1931",1931,26
"1932",1932,31.1428571428571
"1933",1933,31.1428571428571
"1934",1934,31.1428571428571
"1935",1935,31.1428571428571
"1936",1936,31.1428571428571
"1937",1937,31.1428571428571
"1938",1938,31.1428571428571
"1939",1939,36.5714285714286
"1940",1940,36.5714285714286
"1941",1941,36.5714285714286
"1942",1942,36.5714285714286
"1943",1943,36.5714285714286
"1944",1944,36.5714285714286
"1945",1945,36.5714285714286
"1946",1946,29
"1947",1947,29
"1948",1948,29
"1949",1949,29
"1950",1950,29
"1951",1951,29
"1952",1952,29
"1953",1953,25.7142857142857
"1954",1954,25.7142857142857
"1955",1955,25.7142857142857
"1956",1956,25.7142857142857
"1957",1957,25.7142857142857
"1958",1958,25.7142857142857
"1959",1959,25.7142857142857
"1960",1960,21.4285714285714
"1961",1961,21.4285714285714
"1962",1962,21.4285714285714
"1963",1963,21.4285714285714
"1964",1964,21.4285714285714
"1965",1965,21.4285714285714
"1966",1966,21.4285714285714
"1967",1967,15
"1968",1968,15
"1969",1969,15
"1970",1970,15
"1971",1971,15
"1972",1972,15
"1973",1973,15
"1974",1974,16.8571428571429
"1975",1975,16.8571428571429
"1976",1976,16.8571428571429
"1977",1977,16.8571428571429
"1978",1978,16.8571428571429
"1979",1979,16.8571428571429
"1980",1980,16.8571428571429
"1981",1981,9.57142857142857
"1982",1982,9.57142857142857
"1983",1983,9.57142857142857
"1984",1984,9.57142857142857
"1985",1985,9.57142857142857
"1986",1986,9.57142857142857
"1987",1987,9.57142857142857
"1988",1988,9.42857142857143
"1989",1989,9.42857142857143
"1990",1990,9.42857142857143
"1991",1991,9.42857142857143
"1992",1992,9.42857142857143
"1993",1993,9.42857142857143
"1994",1994,9.42857142857143
"1995",1995,9.14285714285714
"1996",1996,9.14285714285714
"1997",1997,9.14285714285714
"1998",1998,9.14285714285714
"1999",1999,9.14285714285714
"2000",2000,9.14285714285714
"2001",2001,9.14285714285714
"2002",2002,5.57142857142857
"2003",2003,5.57142857142857
"2004",2004,5.57142857142857
"2005",2005,5.57142857142857
"2006",2006,5.57142857142857
"2007",2007,5.57142857142857
"2008",2008,5.57142857142857
"2009",2009,7.71428571428571
"2010",2010,7.71428571428571
"2011",2011,7.71428571428571
"2012",2012,7.71428571428571
"2013",2013,7.71428571428571
"2014",2014,7.71428571428571
"2015",2015,7.71428571428571
"2016",2016,9.57142857142857
"2017",2017,9.57142857142857
"2018",2018,9.57142857142857
"2019",2019,9.57142857142857
"2020",2020,9.57142857142857
"2021",2021,9.57142857142857
"2022",2022,9.57142857142857
"2023",2023,7.42857142857143
"2024",2024,7.42857142857143
"2025",2025,7.42857142857143
"2026",2026,7.42857142857143
"2027",2027,7.42857142857143
"2028",2028,7.42857142857143
"2029",2029,7.42857142857143
"2030",2030,9.71428571428571
"2031",2031,9.71428571428571
"2032",2032,9.71428571428571
"2033",2033,9.71428571428571
"2034",2034,9.71428571428571
"2035",2035,9.71428571428571
"2036",2036,9.71428571428571
"2037",2037,8.85714285714286
"2038",2038,8.85714285714286
"2039",2039,8.85714285714286
"2040",2040,8.85714285714286
"2041",2041,8.85714285714286
"2042",2042,8.85714285714286
"2043",2043,8.85714285714286
"2044",2044,14.7142857142857
"2045",2045,14.7142857142857
"2046",2046,14.7142857142857
"2047",2047,14.7142857142857
"2048",2048,14.7142857142857
"2049",2049,14.7142857142857
"2050",2050,14.7142857142857
"2051",2051,10.7142857142857
"2052",2052,10.7142857142857
"2053",2053,10.7142857142857
"2054",2054,10.7142857142857
"2055",2055,10.7142857142857
"2056",2056,10.7142857142857
"2057",2057,10.7142857142857
"2058",2058,11.4285714285714
"2059",2059,11.4285714285714
"2060",2060,11.4285714285714
"2061",2061,11.4285714285714
"2062",2062,11.4285714285714
"2063",2063,11.4285714285714
"2064",2064,11.4285714285714
"2065",2065,8
"2066",2066,8
"2067",2067,8
"2068",2068,8
"2069",2069,8
"2070",2070,8
"2071",2071,8
"2072",2072,9.42857142857143
"2073",2073,9.42857142857143
"2074",2074,9.42857142857143
"2075",2075,9.42857142857143
"2076",2076,9.42857142857143
"2077",2077,9.42857142857143
"2078",2078,9.42857142857143
"2079",2079,9
"2080",2080,9
"2081",2081,9
"2082",2082,9
"2083",2083,9
"2084",2084,9
"2085",2085,9
"2086",2086,13.4285714285714
"2087",2087,13.4285714285714
"2088",2088,13.4285714285714
"2089",2089,13.4285714285714
"2090",2090,13.4285714285714
"2091",2091,13.4285714285714
"2092",2092,13.4285714285714
"2093",2093,10
"2094",2094,10
"2095",2095,10
"2096",2096,10
"2097",2097,10
"2098",2098,10
"2099",2099,10
"2100",2100,14.2857142857143
"2101",2101,14.2857142857143
"2102",2102,14.2857142857143
"2103",2103,14.2857142857143
"2104",2104,14.2857142857143
"2105",2105,14.2857142857143
"2106",2106,14.2857142857143
"2107",2107,8.42857142857143
"2108",2108,8.42857142857143
"2109",2109,8.42857142857143
"2110",2110,8.42857142857143
"2111",2111,8.42857142857143
"2112",2112,8.42857142857143
"2113",2113,8.42857142857143
"2114",2114,18
"2115",2115,18
"2116",2116,18
"2117",2117,18
"2118",2118,18
"2119",2119,18
"2120",2120,18
"2121",2121,15.5714285714286
"2122",2122,15.5714285714286
"2123",2123,15.5714285714286
"2124",2124,15.5714285714286
"2125",2125,15.5714285714286
"2126",2126,15.5714285714286
"2127",2127,15.5714285714286
"2128",2128,21.2857142857143
"2129",2129,21.2857142857143
"2130",2130,21.2857142857143
"2131",2131,21.2857142857143
"2132",2132,21.2857142857143
"2133",2133,21.2857142857143
"2134",2134,21.2857142857143
"2135",2135,25.7142857142857
"2136",2136,25.7142857142857
"2137",2137,25.7142857142857
"2138",2138,25.7142857142857
"2139",2139,25.7142857142857
"2140",2140,25.7142857142857
"2141",2141,25.7142857142857
"2142",2142,20.7142857142857
"2143",2143,20.7142857142857
"2144",2144,20.7142857142857
"2145",2145,20.7142857142857
"2146",2146,20.7142857142857
"2147",2147,20.7142857142857
"2148",2148,20.7142857142857
"2149",2149,22.7142857142857
"2150",2150,22.7142857142857
"2151",2151,22.7142857142857
"2152",2152,22.7142857142857
"2153",2153,22.7142857142857
"2154",2154,22.7142857142857
"2155",2155,22.7142857142857
"2156",2156,31.1428571428571
"2157",2157,31.1428571428571
"2158",2158,31.1428571428571
"2159",2159,31.1428571428571
"2160",2160,31.1428571428571
"2161",2161,31.1428571428571
"2162",2162,31.1428571428571
"2163",2163,126.285714285714
"2164",2164,126.285714285714
"2165",2165,126.285714285714
"2166",2166,126.285714285714
"2167",2167,126.285714285714
"2168",2168,126.285714285714
"2169",2169,126.285714285714
"2170",2170,36.1428571428571
"2171",2171,36.1428571428571
"2172",2172,36.1428571428571
"2173",2173,36.1428571428571
"2174",2174,36.1428571428571
"2175",2175,36.1428571428571
"2176",2176,36.1428571428571
"2177",2177,35
"2178",2178,35
"2179",2179,35
"2180",2180,35
"2181",2181,35
"2182",2182,35
"2183",2183,35
"2184",2184,40.2857142857143
"2185",2185,40.2857142857143
"2186",2186,40.2857142857143
"2187",2187,40.2857142857143
"2188",2188,40.2857142857143
"2189",2189,40.2857142857143
"2190",2190,40.2857142857143
"2191",2191,243.142857142857
"2192",2192,243.142857142857
"2193",2193,243.142857142857
"2194",2194,243.142857142857
"2195",2195,243.142857142857
"2196",2196,243.142857142857
"2197",2197,243.142857142857
"2198",2198,99.1428571428571
"2199",2199,99.1428571428571
"2200",2200,99.1428571428571
"2201",2201,99.1428571428571
"2202",2202,99.1428571428571
"2203",2203,99.1428571428571
"2204",2204,99.1428571428571
"2205",2205,57.1428571428571
"2206",2206,57.1428571428571
"2207",2207,57.1428571428571
"2208",2208,57.1428571428571
"2209",2209,57.1428571428571
"2210",2210,57.1428571428571
"2211",2211,57.1428571428571
"2212",2212,73.7142857142857
"2213",2213,73.7142857142857
"2214",2214,73.7142857142857
"2215",2215,73.7142857142857
"2216",2216,73.7142857142857
"2217",2217,73.7142857142857
"2218",2218,73.7142857142857
"2219",2219,66.5714285714286
"2220",2220,66.5714285714286
"2221",2221,66.5714285714286
"2222",2222,66.5714285714286
"2223",2223,66.5714285714286
"2224",2224,66.5714285714286
"2225",2225,66.5714285714286
"2226",2226,108.285714285714
"2227",2227,108.285714285714
"2228",2228,108.285714285714
"2229",2229,108.285714285714
"2230",2230,108.285714285714
"2231",2231,108.285714285714
"2232",2232,108.285714285714
"2233",2233,49.4285714285714
"2234",2234,49.4285714285714
"2235",2235,49.4285714285714
"2236",2236,49.4285714285714
"2237",2237,49.4285714285714
"2238",2238,49.4285714285714
"2239",2239,49.4285714285714
"2240",2240,52.8571428571429
"2241",2241,52.8571428571429
"2242",2242,52.8571428571429
"2243",2243,52.8571428571429
"2244",2244,52.8571428571429
"2245",2245,52.8571428571429
"2246",2246,52.8571428571429
"2247",2247,44.2857142857143
"2248",2248,44.2857142857143
"2249",2249,44.2857142857143
"2250",2250,44.2857142857143
"2251",2251,44.2857142857143
"2252",2252,44.2857142857143
"2253",2253,44.2857142857143
"2254",2254,185.571428571429
"2255",2255,185.571428571429
"2256",2256,185.571428571429
"2257",2257,185.571428571429
"2258",2258,185.571428571429
"2259",2259,185.571428571429
"2260",2260,185.571428571429
"2261",2261,96.5714285714286
"2262",2262,96.5714285714286
"2263",2263,96.5714285714286
"2264",2264,96.5714285714286
"2265",2265,96.5714285714286
"2266",2266,96.5714285714286
"2267",2267,96.5714285714286
"2268",2268,72.2857142857143
"2269",2269,72.2857142857143
"2270",2270,72.2857142857143
"2271",2271,72.2857142857143
"2272",2272,72.2857142857143
"2273",2273,72.2857142857143
"2274",2274,72.2857142857143
"2275",2275,49.8571428571429
"2276",2276,49.8571428571429
"2277",2277,49.8571428571429
"2278",2278,49.8571428571429
"2279",2279,49.8571428571429
"2280",2280,49.8571428571429
"2281",2281,49.8571428571429
"2282",2282,36.1428571428571
"2283",2283,36.1428571428571
"2284",2284,36.1428571428571
"2285",2285,36.1428571428571
"2286",2286,36.1428571428571
"2287",2287,36.1428571428571
"2288",2288,36.1428571428571
"2289",2289,50.2857142857143
"2290",2290,50.2857142857143
"2291",2291,50.2857142857143
"2292",2292,50.2857142857143
"2293",2293,50.2857142857143
"2294",2294,50.2857142857143
"2295",2295,50.2857142857143
"2296",2296,47.7142857142857
"2297",2297,47.7142857142857
"2298",2298,47.7142857142857
"2299",2299,47.7142857142857
"2300",2300,47.7142857142857
"2301",2301,47.7142857142857
"2302",2302,47.7142857142857
"2303",2303,54.4285714285714
"2304",2304,54.4285714285714
"2305",2305,54.4285714285714
"2306",2306,54.4285714285714
"2307",2307,54.4285714285714
"2308",2308,54.4285714285714
"2309",2309,54.4285714285714
"2310",2310,152.285714285714
"2311",2311,152.285714285714
"2312",2312,152.285714285714
"2313",2313,152.285714285714
"2314",2314,152.285714285714
"2315",2315,152.285714285714
"2316",2316,152.285714285714
"2317",2317,192.714285714286
"2318",2318,192.714285714286
"2319",2319,192.714285714286
"2320",2320,192.714285714286
"2321",2321,192.714285714286
"2322",2322,192.714285714286
"2323",2323,192.714285714286
"2324",2324,77.7142857142857
"2325",2325,77.7142857142857
"2326",2326,77.7142857142857
"2327",2327,77.7142857142857
"2328",2328,77.7142857142857
"2329",2329,77.7142857142857
"2330",2330,77.7142857142857
"2331",2331,165.428571428571
"2332",2332,165.428571428571
"2333",2333,165.428571428571
"2334",2334,165.428571428571
"2335",2335,165.428571428571
"2336",2336,165.428571428571
"2337",2337,165.428571428571
"2338",2338,189.857142857143
"2339",2339,189.857142857143
"2340",2340,189.857142857143
"2341",2341,189.857142857143
"2342",2342,189.857142857143
"2343",2343,189.857142857143
"2344",2344,189.857142857143
"2345",2345,112.571428571429
"2346",2346,112.571428571429
"2347",2347,112.571428571429
"2348",2348,112.571428571429
"2349",2349,112.571428571429
"2350",2350,112.571428571429
"2351",2351,112.571428571429
"2352",2352,120.714285714286
"2353",2353,120.714285714286
"2354",2354,120.714285714286
"2355",2355,120.714285714286
"2356",2356,120.714285714286
"2357",2357,120.714285714286
"2358",2358,120.714285714286
"2359",2359,259.142857142857
"2360",2360,259.142857142857
"2361",2361,259.142857142857
"2362",2362,259.142857142857
"2363",2363,259.142857142857
"2364",2364,259.142857142857
"2365",2365,259.142857142857
"2366",2366,261.285714285714
"2367",2367,261.285714285714
"2368",2368,261.285714285714
"2369",2369,261.285714285714
"2370",2370,261.285714285714
"2371",2371,261.285714285714
"2372",2372,261.285714285714
"2373",2373,169.571428571429
"2374",2374,169.571428571429
"2375",2375,169.571428571429
"2376",2376,169.571428571429
"2377",2377,169.571428571429
"2378",2378,169.571428571429
"2379",2379,169.571428571429
"2380",2380,169.571428571429
"2381",2381,101
