date,source,value,density
2018-01-01,bg_count,14099.075,1.9339204511734e-05
2018-01-02,bg_count,13518.31,1.85425896197459e-05
2018-01-03,bg_count,14422.797,1.97832425754331e-05
2018-01-04,bg_count,13688.91,1.87765956300481e-05
2018-01-05,bg_count,14872.712,2.04003751318523e-05
2018-01-06,bg_count,19101.368,2.62006736048919e-05
2018-01-07,bg_count,20179.469,2.76794667685076e-05
2018-01-08,bg_count,14602.191,2.00293110057505e-05
2018-01-09,bg_count,13994.98,1.91964210671712e-05
2018-01-10,bg_count,14909.685,2.04510896935106e-05
2018-01-11,bg_count,13818.429,1.89542522798039e-05
2018-01-12,bg_count,13474.973,1.84831457834712e-05
2018-01-13,bg_count,14157.745,1.94196800839757e-05
2018-01-14,bg_count,18700.454,2.56507539940226e-05
2018-01-15,bg_count,14364.038,1.97026449250266e-05
2018-01-16,bg_count,13526.928,1.85544106267611e-05
2018-01-17,bg_count,14283.616,1.9592332900639e-05
2018-01-18,bg_count,14017.127,1.92267993269025e-05
2018-01-19,bg_count,19805.784,2.71668962177469e-05
2018-01-20,bg_count,13627.794,1.86927649657713e-05
2018-01-21,bg_count,13279.43,1.82149263387319e-05
2018-01-22,bg_count,20589.655,2.82421044551537e-05
2018-01-23,bg_count,19450.824,2.66800100898636e-05
2018-01-24,bg_count,14951.23,2.05080755065118e-05
2018-01-25,bg_count,13979.077,1.91746074822836e-05
2018-01-26,bg_count,21021.642,2.88346458055197e-05
2018-01-27,bg_count,19744.973,2.70834839112258e-05
2018-01-28,bg_count,13460.086,1.8462725809993e-05
2018-01-29,bg_count,11976.257,1.642740984129e-05
2018-01-30,bg_count,15021.097,2.06039096092186e-05
2018-01-31,bg_count,13374.689,1.83455897533589e-05
2018-02-01,bg_count,13704.739,1.87983077117426e-05
2018-02-02,bg_count,12556.158,1.72228396149141e-05
2018-02-03,bg_count,13958.404,1.91462510564279e-05
2018-02-04,bg_count,13305.328,1.82504497130273e-05
2018-02-05,bg_count,13507.642,1.85279566999458e-05
2018-02-06,bg_count,11768.846,1.61429114790228e-05
2018-02-07,bg_count,19918.671,2.73217393389953e-05
2018-02-08,bg_count,14537.8,1.99409881393415e-05
2018-02-09,bg_count,20182.824,2.76840687038216e-05
2018-02-10,bg_count,14082.762,1.93168285442893e-05
2018-02-11,bg_count,12964.616,1.77831070648322e-05
2018-02-12,bg_count,14027.501,1.92410289772594e-05
2018-02-13,bg_count,13381.368,1.83547511023789e-05
2018-02-14,bg_count,19859.372,2.72404009896113e-05
2018-02-15,bg_count,12969.152,1.77893289362433e-05
2018-02-16,bg_count,13024.538,1.78652999613699e-05
2018-02-17,bg_count,13683.008,1.87685000645569e-05
2018-02-18,bg_count,20635.182,2.83045522372817e-05
2018-02-19,bg_count,13398.996,1.83789308090003e-05
2018-02-20,bg_count,12133.363,1.66429066071431e-05
2018-02-21,bg_count,12872.599,1.76568905873997e-05
2018-02-22,bg_count,13743.018,1.88508136675946e-05
2018-02-23,bg_count,20579.6,2.82283123658595e-05
2018-02-24,bg_count,18864.666,2.58759978097538e-05
2018-02-25,bg_count,13468.457,1.84742080158092e-05
2018-02-26,bg_count,13486.95,1.84995742124594e-05
2018-02-27,bg_count,12366.125,1.69621780430749e-05
2018-02-28,bg_count,14248.281,1.95438651258791e-05
2018-03-01,bg_count,19677.248,2.69905879144631e-05
2018-03-02,bg_count,12339.627,1.69258316699156e-05
2018-03-03,bg_count,14406.657,1.97611039059941e-05
2018-03-04,bg_count,20216.895,2.77308026943082e-05
2018-03-05,bg_count,12993.657,1.78229415815097e-05
2018-03-06,bg_count,19190.773,2.63233072939369e-05
2018-03-07,bg_count,12432.561,1.7053305963945e-05
2018-03-08,bg_count,13720.204,1.88195205074596e-05
2018-03-09,bg_count,12561.412,1.72300463416323e-05
2018-03-10,bg_count,21312.756,2.92339566242953e-05
2018-03-11,bg_count,13900.35,1.90666204296865e-05
2018-03-12,bg_count,12488.157,1.7129565038674e-05
2018-03-13,bg_count,14183.908,1.94555669494361e-05
2018-03-14,bg_count,19051.627,2.61324456274098e-05
2018-03-15,bg_count,13181.08,1.80800231082909e-05
2018-03-16,bg_count,21265.755,2.91694870082917e-05
2018-03-17,bg_count,19632.803,2.69296242736197e-05
2018-03-18,bg_count,20079.615,2.75425005542478e-05
2018-03-19,bg_count,13651.824,1.87257260702705e-05
2018-03-20,bg_count,13394.117,1.8372238456572e-05
2018-03-21,bg_count,13003.254,1.78361054483378e-05
2018-03-22,bg_count,19640.889,2.69407155549755e-05
2018-03-23,bg_count,13511.28,1.85329468163905e-05
2018-03-24,bg_count,20627.337,2.82937915271362e-05
2018-03-25,bg_count,13821.792,1.89588651884361e-05
2018-03-26,bg_count,13146.038,1.80319572313096e-05
2018-03-27,bg_count,14828.1,2.03391824229918e-05
2018-03-28,bg_count,14296.182,1.96095692401786e-05
2018-03-29,bg_count,20175.66,2.76742420973866e-05
2018-03-30,bg_count,21339.612,2.92707940534435e-05
2018-03-31,bg_count,14528.444,1.99281548437238e-05
2018-04-01,bg_count,20299.862,2.78446056055435e-05
2018-04-02,bg_count,13591.868,1.86434865371305e-05
2018-04-03,bg_count,14099.069,1.93391962817454e-05
2018-04-04,bg_count,14238.549,1.95305160843066e-05
2018-04-05,bg_count,13839.406,1.89830256917506e-05
2018-04-06,bg_count,13751.958,1.88630763506667e-05
2018-04-07,bg_count,14107.073,1.93501750865898e-05
2018-04-08,bg_count,14210.607,1.94921890272148e-05
2018-04-09,bg_count,13070.894,1.79288848535948e-05
2018-04-10,bg_count,13383.115,1.83571474007376e-05
2018-04-11,bg_count,13150.054,1.80374658370387e-05
2018-04-12,bg_count,13709.509,1.88048505527106e-05
2018-04-13,bg_count,13711.287,1.88072893726773e-05
2018-04-14,bg_count,13184.263,1.80843891172639e-05
2018-04-15,bg_count,12764.472,1.75085765904715e-05
2018-04-16,bg_count,12833.172,1.76028099603881e-05
2018-04-17,bg_count,14729.418,2.02038237998462e-05
2018-04-18,bg_count,13426.361,1.8416466415518e-05
2018-04-19,bg_count,19141.497,2.62557171405743e-05
2018-04-20,bg_count,20937.027,2.87185823907382e-05
2018-04-21,bg_count,37722.09,5.17420620232204e-05
2018-04-22,bg_count,43083.357,5.9095923106661e-05
2018-04-23,bg_count,46571.433,6.38803940819889e-05
2018-04-24,bg_count,31539.125,4.32611067389983e-05
2018-04-25,bg_count,113140.59,0.000155190961718286
2018-04-26,bg_count,139588.533,0.000191468673454105
2018-04-27,bg_count,150137.829,0.000205938771159012
2018-04-28,bg_count,182092.052,0.000249769253202022
2018-04-29,bg_count,148784.44,0.000204082375143321
2018-04-30,bg_count,133263.804,0.000182793265484979
2018-05-01,bg_count,96833.023,0.000132822446528332
2018-05-02,bg_count,71775.92,9.84525010256247e-05
2018-05-03,bg_count,102328.774,0.000140360774577127
2018-05-04,bg_count,68583.434,9.40734804405971e-05
2018-05-05,bg_count,109694.352,0.000150463878453738
2018-05-06,bg_count,78188.649,0.000107248615494789
2018-05-07,bg_count,160999.356,0.00022083714512771
2018-05-08,bg_count,228698.713,0.00031369796829064
2018-05-09,bg_count,279214.01,0.000382988021691589
2018-05-10,bg_count,208329.755,0.00028575858613593
2018-05-11,bg_count,238636.309,0.000327329018653802
2018-05-12,bg_count,283550.369,0.000388936052575693
2018-05-13,bg_count,380731.796,0.000522236392597656
2018-05-14,bg_count,199412.967,0.000273527742146536
2018-05-15,bg_count,175341.506,0.000240509767054182
2018-05-16,bg_count,191140.06,0.000262180087042952
2018-05-17,bg_count,310776.942,0.000426281783653842
2018-05-18,bg_count,336082.586,0.000460992644090938
2018-05-19,bg_count,349500.099,0.000479396974016543
2018-05-20,bg_count,248797.092,0.000341266206762692
2018-05-21,bg_count,278450.528,0.000381940780327243
2018-05-22,bg_count,272048.122,0.000373158825553532
2018-05-23,bg_count,320004.619,0.000438939063132902
2018-05-24,bg_count,592478.517,0.000812681910626894
2018-05-25,bg_count,352825.81,0.000483958734640975
2018-05-26,bg_count,632916.274,0.000868148957409665
2018-05-27,bg_count,408892.492,0.00056086342728871
2018-05-28,bg_count,473546.161,0.000649546587511984
2018-05-29,bg_count,468657.632,0.00064284116449008
2018-05-30,bg_count,819787.821,0.00112447407553671
2018-05-31,bg_count,577085.673,0.000791568088753245
2018-06-01,bg_count,561915.591,0.000770759821667796
2018-06-02,bg_count,574999.476,0.000788706525818459
2018-06-03,bg_count,908359.014,0.00124596406089215
2018-06-04,bg_count,934331.073,0.00128158901930906
2018-06-05,bg_count,918923.996,0.00126045567453069
2018-06-06,bg_count,608300.622,0.000834384534692737
2018-06-07,bg_count,605140.315,0.000830049652908445
2018-06-08,bg_count,557454.386,0.000764640543923421
2018-06-09,bg_count,644324.741,0.000883797549709399
2018-06-10,bg_count,602630.233,0.000826606661851286
2018-06-11,bg_count,918547.05,0.00125993863098111
2018-06-12,bg_count,717730.524,0.000984485676397211
2018-06-13,bg_count,850902.183,0.00116715254983167
2018-06-14,bg_count,1303946.234,0.00178857711528106
2018-06-15,bg_count,967349.74,0.00132687956168988
2018-06-16,bg_count,847035.092,0.00116184819733234
2018-06-17,bg_count,829784.282,0.00113818586894675
2018-06-18,bg_count,801599.962,0.00109952643004709
2018-06-19,bg_count,863541.223,0.00118448907576631
2018-06-20,bg_count,1409939.539,0.00193396439794107
2018-06-21,bg_count,828914.022,0.00113699216396125
2018-06-22,bg_count,868306.911,0.00119102600211581
2018-06-23,bg_count,954956.968,0.00130988083289559
2018-06-24,bg_count,892827.772,0.00122466040335723
2018-06-25,bg_count,1440771.203,0.00197625510534798
2018-06-26,bg_count,1336460.352,0.00183317558557225
2018-06-27,bg_count,884112.153,0.00121270549579859
2018-06-28,bg_count,1192412.78,0.00163559060539967
2018-06-29,bg_count,873059.574,0.00119754506253165
2018-06-30,bg_count,814109.703,0.00111668560109823
2018-07-01,bg_count,788149.799,0.00108107731526664
2018-07-02,bg_count,781921.523,0.00107253420847988
2018-07-03,bg_count,721642.307,0.000989851331338584
2018-07-04,bg_count,743442.949,0.0010197545040024
2018-07-05,bg_count,802719.478,0.00110106203070729
2018-07-06,bg_count,751105.689,0.00103026521452633
2018-07-07,bg_count,995546.652,0.00136555627259236
2018-07-08,bg_count,1223790.625,0.00167863049004405
2018-07-09,bg_count,794790.898,0.00109018667682006
2018-07-10,bg_count,983171.939,0.00134858231469221
2018-07-11,bg_count,824459.408,0.0011308819268594
2018-07-12,bg_count,1349434.341,0.001850971549251
2018-07-13,bg_count,953827.938,0.00130833218221674
2018-07-14,bg_count,1023355.736,0.00140370101348919
2018-07-15,bg_count,892181.369,0.00122377375513286
2018-07-16,bg_count,1365831.097,0.00187346240185041
2018-07-17,bg_count,911101.273,0.00124972552096135
2018-07-18,bg_count,1497942.012,0.00205467429010671
2018-07-19,bg_count,878818.238,0.00120544401908095
2018-07-20,bg_count,874850.713,0.00120000190480179
2018-07-21,bg_count,1326890.306,0.00182004869059646
2018-07-22,bg_count,808845.56,0.00110946496158422
2018-07-23,bg_count,834025.783,0.0011440037864538
2018-07-24,bg_count,730665.163,0.00100222766506714
2018-07-25,bg_count,685174.197,0.000939829309507619
2018-07-26,bg_count,856295.673,0.00117455061006909
2018-07-27,bg_count,707663.989,0.000970677764949863
2018-07-28,bg_count,742970.165,0.00101910600284428
2018-07-29,bg_count,760777.337,0.0010435314733864
2018-07-30,bg_count,1269507.116,0.00174133819030154
2018-07-31,bg_count,778639.832,0.00106803282853877
2018-08-01,bg_count,691249.643,0.000948162784767095
2018-08-02,bg_count,1054968.246,0.00144706277984757
2018-08-03,bg_count,532954.058,0.000731034307074794
2018-08-04,bg_count,593838.954,0.000814547974135907
2018-08-05,bg_count,547849.805,0.000751466278504696
2018-08-06,bg_count,413694.403,0.000567450039451291
2018-08-07,bg_count,420719.352,0.000577085914527883
2018-08-08,bg_count,382550.79,0.000524731442590057
2018-08-09,bg_count,730008.2,0.00100132653206276
2018-08-10,bg_count,412287.445,0.000565520164725366
2018-08-11,bg_count,470885.936,0.000645897650590786
2018-08-12,bg_count,502053.523,0.000688649131743292
2018-08-13,bg_count,510373.706,0.000700061633670692
2018-08-14,bg_count,531182.878,0.000728604841861857
2018-08-15,bg_count,853499.686,0.00117071545319496
2018-08-16,bg_count,518056.957,0.000710600478410789
2018-08-17,bg_count,563464.656,0.000772884619559641
2018-08-18,bg_count,892195.72,0.00122379343989402
2018-08-19,bg_count,575842.772,0.000789863245235012
2018-08-20,bg_count,539540.649,0.00074006890192475
2018-08-21,bg_count,814137.993,0.00111672440549466
2018-08-22,bg_count,499631.705,0.000685327209305671
2018-08-23,bg_count,425832.425,0.000584099336644612
2018-08-24,bg_count,383506.892,0.000526042894023011
2018-08-25,bg_count,483844.845,0.000663672929564758
2018-08-26,bg_count,549597.853,0.0007538640143681
2018-08-27,bg_count,519370.763,0.000712402579819764
2018-08-28,bg_count,572148.003,0.000784795260752724
2018-08-29,bg_count,877830.256,0.00120408883897503
2018-08-30,bg_count,606602.983,0.000832055943078884
2018-08-31,bg_count,976719.631,0.00133973191110299
2018-09-01,bg_count,923227.659,0.00126635885746337
2018-09-02,bg_count,560223.219,0.000768438454612303
2018-09-03,bg_count,664395.231,0.000911327533822592
2018-09-04,bg_count,631860.221,0.000866700406710969
2018-09-05,bg_count,629892.47,0.000864001311981905
2018-09-06,bg_count,679808.48,0.000932469344515937
2018-09-07,bg_count,598987.307,0.000821609788585833
2018-09-08,bg_count,951094.629,0.00130458299854727
2018-09-09,bg_count,633823.106,0.000869392826919246
2018-09-10,bg_count,652288.121,0.000894720637530739
2018-09-11,bg_count,948533.478,0.0013010699579418
2018-09-12,bg_count,711393.341,0.000975793185715001
2018-09-13,bg_count,659098.21,0.000904061796714168
2018-09-14,bg_count,692244.943,0.000949528002715827
2018-09-15,bg_count,678837.278,0.000931137180944908
2018-09-16,bg_count,669911.467,0.000918893960424265
2018-09-17,bg_count,634445.5,0.000870246542844076
2018-09-18,bg_count,701320.724,0.000961976931802502
2018-09-19,bg_count,885813.195,0.00121503875518766
2018-09-20,bg_count,642227.713,0.000880921130273455
2018-09-21,bg_count,724932.821,0.000994364813477995
2018-09-22,bg_count,992790.294,0.00136177547342152
2018-09-23,bg_count,965807.146,0.00132476363984078
2018-09-24,bg_count,1030672.941,0.00141373776582573
2018-09-25,bg_count,803887.439,0.00110266408166742
2018-09-26,bg_count,801231.773,0.00109902139816593
2018-09-27,bg_count,716459.14,0.000982741763751244
2018-09-28,bg_count,831972.506,0.00114118737872335
2018-09-29,bg_count,825461.211,0.00113225606474415
2018-09-30,bg_count,768594.504,0.00105425400598626
2018-10-01,bg_count,1276829.571,0.00175138214387813
2018-10-02,bg_count,1451091.617,0.00199041125367627
2018-10-03,bg_count,1045532.314,0.00143411984432117
2018-10-04,bg_count,979342.871,0.00134333011700255
2018-10-05,bg_count,1006502.935,0.0013805846200283
2018-10-06,bg_count,1290103.812,0.00176958995264836
2018-10-07,bg_count,886833.323,0.00121643802882939
2018-10-08,bg_count,1048570.441,0.00143828713610348
2018-10-09,bg_count,1317600.338,0.00180730596874702
2018-10-10,bg_count,801925.513,0.00109997297688566
2018-10-11,bg_count,799465.735,0.00109659898605325
2018-10-12,bg_count,761052.528,0.00104390894318699
2018-10-13,bg_count,680610.291,0.000933569160419375
2018-10-14,bg_count,964510.339,0.00132298485536128
2018-10-15,bg_count,502088.264,0.000688696784749177
2018-10-16,bg_count,893491.704,0.00122557109549341
2018-10-17,bg_count,591474.615,0.000811304893617782
2018-10-18,bg_count,678766.97,0.000931040741938037
2018-10-19,bg_count,647869.854,0.000888660256328394
2018-10-20,bg_count,792978.901,0.00108770122436607
2018-10-21,bg_count,762020.832,0.00104523713167351
2018-10-22,bg_count,745783.738,0.00102296528181512
2018-10-23,bg_count,1192932.729,0.00163630380112681
2018-10-24,bg_count,842986.815,0.00115629531837942
2018-10-25,bg_count,732459.22,0.00100468850985509
2018-10-26,bg_count,1239304.485,0.00169991030530189
2018-10-27,bg_count,1210426.998,0.00166030007364641
2018-10-28,bg_count,592478.083,0.000812681315324382
2018-10-29,bg_count,459089.569,0.000629716989525541
2018-10-30,bg_count,375378.326,0.000514893226384452
2018-10-31,bg_count,301042.838,0.000412929856098702
2018-11-01,bg_count,460666.859,0.000631880502655609
2018-11-02,bg_count,227459,0.000311997497639704
2018-11-03,bg_count,185980.326,0.000255102661676242
2018-11-04,bg_count,271721.445,0.000372710734220428
2018-11-05,bg_count,235897.04,0.000323571659862275
2018-11-06,bg_count,218587.909,0.000299829334615448
2018-11-07,bg_count,129526.935,0.000177667533915741
2018-11-08,bg_count,123308.001,0.000169137241221293
2018-11-09,bg_count,114861.956,0.000157552098822213
2018-11-10,bg_count,93822.529,0.000128693057958703
2018-11-11,bg_count,130282.587,0.000178704035144914
2018-11-12,bg_count,90373.15,0.000123961666295102
2018-11-13,bg_count,88515.098,0.00012141304181999
2018-11-14,bg_count,92400.506,0.00012674251910297
2018-11-15,bg_count,108518.829,0.000148851454964591
2018-11-16,bg_count,116673.018,0.000160036268769634
2018-11-17,bg_count,156188.921,0.000214238840894602
2018-11-18,bg_count,96960.085,0.00013299673299774
2018-11-19,bg_count,73703.551,0.000101096564563989
2018-11-20,bg_count,47855.34,6.5641484085911e-05
2018-11-21,bg_count,47119.59,6.46322817290536e-05
2018-11-22,bg_count,49198.192,6.74834268698873e-05
2018-11-23,bg_count,48778.493,6.6907740536254e-05
2018-11-24,bg_count,43918.537,6.02415100919143e-05
2018-11-25,bg_count,49533.184,6.79429235955799e-05
2018-11-26,bg_count,12485.55,1.71259891086104e-05
2018-11-27,bg_count,13467.852,1.84733781586215e-05
2018-11-28,bg_count,18325.625,2.51366142587613e-05
2018-11-29,bg_count,14670.294,2.01227254917975e-05
2018-11-30,bg_count,13879.966,1.90386604149502e-05
2018-12-01,bg_count,14442.253,1.98099296852598e-05
2018-12-02,bg_count,13077.512,1.79379625310636e-05
2018-12-03,bg_count,18880.365,2.58975315750278e-05
2018-12-04,bg_count,20097.854,2.75675183480456e-05
2018-12-05,bg_count,13732.425,1.88362836226525e-05
2018-12-06,bg_count,18898.389,2.59222544608993e-05
2018-12-07,bg_count,13121.492,1.79982883477875e-05
2018-12-08,bg_count,18393.056,2.52291069860807e-05
2018-12-09,bg_count,14148.375,1.94068275850511e-05
2018-12-10,bg_count,14377.754,1.97214586790553e-05
2018-12-11,bg_count,13794.228,1.89210566206285e-05
2018-12-12,bg_count,13377.831,1.83498995240762e-05
2018-12-13,bg_count,20183.678,2.76852401055379e-05
2018-12-14,bg_count,19048.755,2.61285062061813e-05
2018-12-15,bg_count,12910.472,1.77088396473539e-05
2018-12-16,bg_count,12967.483,1.77870396277369e-05
2018-12-17,bg_count,13463.399,1.84672701353865e-05
2018-12-18,bg_count,13182.309,1.80817088842971e-05
2018-12-19,bg_count,13621.921,1.86847091785585e-05
2018-12-20,bg_count,14100.876,1.93416748799905e-05
2018-12-21,bg_count,19261.707,2.64206049629567e-05
2018-12-22,bg_count,19681.279,2.69961170951637e-05
2018-12-23,bg_count,11991.887,1.64488489616946e-05
2018-12-24,bg_count,13299.724,1.82427629036385e-05
2018-12-25,bg_count,13584.831,1.86338341321217e-05
2018-12-26,bg_count,20745.788,2.84562665911826e-05
2018-12-27,bg_count,12423.443,1.70407991245433e-05
2018-12-28,bg_count,13349.943,1.83116465368822e-05
2018-12-29,bg_count,13180.614,1.80793839125066e-05
2018-12-30,bg_count,13191.211,1.80939194441079e-05
2018-12-31,bg_count,13095.918,1.79632093928785e-05
2019-01-01,bg_count,19313.832,2.6492102989258e-05
2019-01-02,bg_count,19599.318,2.68836940786902e-05
2019-01-03,bg_count,13384.691,1.83593091444202e-05
2019-01-04,bg_count,19840.566,2.72146054618871e-05
2019-01-05,bg_count,21103.842,2.8947396649874e-05
2019-01-06,bg_count,20440.82,2.80379527286395e-05
2019-01-07,bg_count,13398.391,1.83781009518125e-05
2019-01-08,bg_count,12417.227,1.70322728563133e-05
2019-01-09,bg_count,12951.875,1.77656306839573e-05
2019-01-10,bg_count,20536.186,2.81687629113973e-05
2019-01-11,bg_count,12942.401,1.77526355318963e-05
2019-01-12,bg_count,14448.289,1.98182090538306e-05
2019-01-13,bg_count,12244.498,1.6795346571709e-05
2019-01-14,bg_count,11884.967,1.63021905641476e-05
2019-01-15,bg_count,12926.529,1.77308644686166e-05
2019-01-16,bg_count,13918.707,1.90918000799275e-05
2019-01-17,bg_count,20006.754,2.74425596872102e-05
2019-01-18,bg_count,13151.543,1.80395082458859e-05
2019-01-19,bg_count,20727.52,2.84312090191064e-05
2019-01-20,bg_count,19711.221,2.70371874818019e-05
2019-01-21,bg_count,13968.38,1.9159934784205e-05
2019-01-22,bg_count,14377.27,1.97207947933051e-05
2019-01-23,bg_count,13916.507,1.90887824174265e-05
2019-01-24,bg_count,12689.702,1.74060172153819e-05
2019-01-25,bg_count,12923.513,1.77267275276607e-05
2019-01-26,bg_count,11610.314,1.59254587192031e-05
2019-01-27,bg_count,12380.765,1.69822592153541e-05
2019-01-28,bg_count,14747.724,2.02289334951838e-05
2019-01-29,bg_count,20211,2.77227167304703e-05
2019-01-30,bg_count,13613.124,1.86726426435489e-05
2019-01-31,bg_count,12130.851,1.66394609852329e-05
2019-02-01,bg_count,14293.028,1.9605243009484e-05
2019-02-02,bg_count,13278.268,1.82133324642654e-05
2019-02-03,bg_count,20591.914,2.82452030458763e-05
2019-02-04,bg_count,13987.166,1.91857028786337e-05
2019-02-05,bg_count,20181.048,2.76816326271844e-05
2019-02-06,bg_count,12539.815,1.72004224975262e-05
2019-02-07,bg_count,13054.797,1.79068051657411e-05
2019-02-08,bg_count,14323.02,1.96463819793608e-05
2019-02-09,bg_count,13475.699,1.84841416120965e-05
2019-02-10,bg_count,14236.126,1.95271925405613e-05
2019-02-11,bg_count,13380.52,1.83535879306513e-05
2019-02-12,bg_count,13629.857,1.86955947101983e-05
2019-02-13,bg_count,13214.511,1.81258792333227e-05
2019-02-14,bg_count,13543.911,1.85777056096037e-05
2019-02-15,bg_count,14043.495,1.92629673836414e-05
2019-02-16,bg_count,13808.88,1.89411542528849e-05
2019-02-17,bg_count,13484.753,1.84965606649527e-05
2019-02-18,bg_count,14125.417,1.93753369051888e-05
2019-02-19,bg_count,13340.063,1.82980944889233e-05
2019-02-20,bg_count,12886.601,1.76760966375536e-05
2019-02-21,bg_count,12969.617,1.77899667603628e-05
2019-02-22,bg_count,12609.675,1.72962469985797e-05
2019-02-23,bg_count,14289.908,1.96009634153917e-05
2019-02-24,bg_count,13399.565,1.83797112862562e-05
2019-02-25,bg_count,12902.027,1.76972559383445e-05
2019-02-26,bg_count,13792.015,1.89180211264855e-05
2019-02-27,bg_count,12386.507,1.69901353144816e-05
2019-02-28,bg_count,13590.989,1.86422808437949e-05
2019-03-01,bg_count,12729.382,1.74604448735811e-05
2019-03-02,bg_count,20797.187,2.85267687888586e-05
2019-03-03,bg_count,13702.693,1.87955012856167e-05
2019-03-04,bg_count,12375.445,1.69749619587608e-05
2019-03-05,bg_count,15486.81,2.12427117257244e-05
2019-03-06,bg_count,12784.206,1.75356450231052e-05
2019-03-07,bg_count,13445.63,1.84428970240322e-05
2019-03-08,bg_count,13023.843,1.78643466543525e-05
2019-03-09,bg_count,13530.445,1.85592347717683e-05
2019-03-10,bg_count,13488.484,1.85016783462214e-05
2019-03-11,bg_count,13042.817,1.78903726217586e-05
2019-03-12,bg_count,13409.02,1.83926803766865e-05
2019-03-13,bg_count,14644.179,2.00869044662462e-05
2019-03-14,bg_count,14227.393,1.95152137920972e-05
2019-03-15,bg_count,20025.997,2.74689546324402e-05
2019-03-16,bg_count,14189.458,1.94631796889271e-05
2019-03-17,bg_count,20364.308,2.7933003913515e-05
2019-03-18,bg_count,20628.583,2.82955006214436e-05
2019-03-19,bg_count,13154.239,1.80432062541144e-05
2019-03-20,bg_count,19893.197,2.72867975505637e-05
2019-03-21,bg_count,14897.161,2.04339109638915e-05
2019-03-22,bg_count,13342.046,1.83008145001685e-05
2019-03-23,bg_count,13553.067,1.85902645722669e-05
2019-03-24,bg_count,18304.077,2.51070576262291e-05
2019-03-25,bg_count,12787.733,1.75404828847602e-05
2019-03-26,bg_count,13174.469,1.80709550324755e-05
2019-03-27,bg_count,18425.07,2.52730194621289e-05
2019-03-28,bg_count,12773.486,1.75209407767369e-05
2019-03-29,bg_count,13323.906,1.82759325011832e-05
2019-03-30,bg_count,15053.201,2.06479455350964e-05
2019-03-31,bg_count,13560.454,1.86003970599462e-05
2019-04-01,bg_count,14796.253,2.02954990149608e-05
2019-04-02,bg_count,14699.524,2.01628192531171e-05
2019-04-03,bg_count,14084.206,1.93188092282218e-05
2019-04-04,bg_count,20435.664,2.8030880425069e-05
2019-04-05,bg_count,13110.758,1.79835648981123e-05
2019-04-06,bg_count,18842.831,2.58460475094318e-05
2019-04-07,bg_count,12640.521,1.73385573701728e-05
2019-04-08,bg_count,14201.403,1.94795642246426e-05
2019-04-09,bg_count,18930.453,2.59662355201862e-05
2019-04-10,bg_count,19126.452,2.6235080444062e-05
2019-04-11,bg_count,11587.094,1.58936086631702e-05
2019-04-12,bg_count,12643.097,1.73420907786284e-05
2019-04-13,bg_count,12551.102,1.7215904477821e-05
2019-04-14,bg_count,13797.781,1.89259301455675e-05
2019-04-15,bg_count,19582.807,2.68610465216205e-05
2019-04-16,bg_count,20441.638,2.80390747504239e-05
2019-04-17,bg_count,20543.844,2.81792671202302e-05
2019-04-18,bg_count,13322.497,1.82739998255178e-05
2019-04-19,bg_count,11999.841,1.64597591833004e-05
2019-04-20,bg_count,20528.011,2.81575495518767e-05
2019-04-21,bg_count,20865.962,2.86211050336331e-05
2019-04-22,bg_count,23516.547,3.22568191064169e-05
2019-04-23,bg_count,15031.069,2.06175878503367e-05
2019-04-24,bg_count,13871.126,1.90265348983555e-05
2019-04-25,bg_count,53688.387,7.36424691760361e-05
2019-04-26,bg_count,58661.285,8.04636181831868e-05
2019-04-27,bg_count,74684.664,0.000102442322704584
2019-04-28,bg_count,53061.273,7.27822789934765e-05
2019-04-29,bg_count,49570.381,6.79939454101474e-05
2019-04-30,bg_count,47766.229,6.55192536663093e-05
2019-05-01,bg_count,67026.034,9.19372497228674e-05
2019-05-02,bg_count,49932.168,6.8490195893437e-05
2019-05-03,bg_count,51368.417,7.04602480522328e-05
2019-05-04,bg_count,70800.239,9.71141937680767e-05
2019-05-05,bg_count,48046.388,6.59035378974949e-05
2019-05-06,bg_count,47405.793,6.50248563021282e-05
2019-05-07,bg_count,43967.161,6.03082059198448e-05
2019-05-08,bg_count,43207.264,5.92658819737098e-05
2019-05-09,bg_count,46816.063,6.42159444354487e-05
2019-05-10,bg_count,57220.048,7.84867241605025e-05
2019-05-11,bg_count,72223.942,9.90670370206283e-05
2019-05-12,bg_count,80463.007,0.000110368272244958
2019-05-13,bg_count,94859.873,0.000130115946181158
2019-05-14,bg_count,174533.346,0.000239401242451099
2019-05-15,bg_count,96955.003,0.000132989762197363
2019-05-16,bg_count,88576.199,0.000121496851909295
2019-05-17,bg_count,84455.353,0.000115844432615451
2019-05-18,bg_count,69634.372,9.55150150739793e-05
2019-05-19,bg_count,64134.053,8.79704212605003e-05
2019-05-20,bg_count,83617.281,0.000114694878775674
2019-05-21,bg_count,59167.939,8.11585776271708e-05
2019-05-22,bg_count,68985.631,9.46251598973704e-05
2019-05-23,bg_count,93664.723,0.000128476601027508
2019-05-24,bg_count,147530.566,0.000202362480347531
2019-05-25,bg_count,122112.278,0.000167497110103728
2019-05-26,bg_count,151915.747,0.000208377478649191
2019-05-27,bg_count,293716.1,0.000402880027681881
2019-05-28,bg_count,201019.817,0.000275731801687298
2019-05-29,bg_count,174213.308,0.000238962257600425
2019-05-30,bg_count,198601.181,0.000272414243886986
2019-05-31,bg_count,222913.301,0.000305762322451985
2019-06-01,bg_count,231579.249,0.000317649098049679
2019-06-02,bg_count,254059.047,0.00034848384507418
2019-06-03,bg_count,312768.617,0.000429013694090939
2019-06-04,bg_count,293253.109,0.000402244959236888
2019-06-05,bg_count,315668.051,0.000432990745570861
2019-06-06,bg_count,360042.634,0.000493857797895919
2019-06-07,bg_count,372299.336,0.000510669884264519
2019-06-08,bg_count,416609.278,0.000571448270806975
2019-06-09,bg_count,387409.65,0.000531396169689806
2019-06-10,bg_count,759089.139,0.00104121583165967
2019-06-11,bg_count,657783.85,0.000902258935402909
2019-06-12,bg_count,416401.881,0.000571163791648014
2019-06-13,bg_count,423314.684,0.000580645840006955
2019-06-14,bg_count,477661.335,0.000655191226723235
2019-06-15,bg_count,439585.355,0.000602963746253438
2019-06-16,bg_count,510245.274,0.000699885468020544
2019-06-17,bg_count,544578.341,0.000746978926579213
2019-06-18,bg_count,650899.91,0.000892816477404316
2019-06-19,bg_count,1073810.385,0.00147290787816497
2019-06-20,bg_count,710444.416,0.000974491578720124
2019-06-21,bg_count,676260.213,0.000927602311666248
2019-06-22,bg_count,730801.671,0.00100241490828199
2019-06-23,bg_count,878924.217,0.00120558938674194
2019-06-24,bg_count,744305.389,0.00102093748256937
2019-06-25,bg_count,1209742.214,0.00165936077955638
2019-06-26,bg_count,776140.239,0.00106460422487341
2019-06-27,bg_count,921874.662,0.00126450299914027
2019-06-28,bg_count,887875.648,0.00121786774931408
2019-06-29,bg_count,1028528.491,0.00141079629930291
2019-06-30,bg_count,1176811.432,0.00161419078593415
2019-07-01,bg_count,991958.052,0.00136063391638737
2019-07-02,bg_count,1071125.52,0.00146922514342377
2019-07-03,bg_count,1060846.485,0.00145512575321212
2019-07-04,bg_count,1157335.152,0.00158747585874582
2019-07-05,bg_count,923150.434,0.00126625293065127
2019-07-06,bg_count,807574.186,0.0011077210626549
2019-07-07,bg_count,880792.07,0.0012081514549035
2019-07-08,bg_count,928235.798,0.0012732283453088
2019-07-09,bg_count,873298.667,0.00119787301797726
2019-07-10,bg_count,919914.3,0.00126181403964222
2019-07-11,bg_count,1687726.452,0.00231499492094987
2019-07-12,bg_count,1502748.171,0.00206126672910125
2019-07-13,bg_count,906602.276,0.00124355440526187
2019-07-14,bg_count,922462.545,0.00126530937754212
2019-07-15,bg_count,1457538.608,0.0019992543641239
2019-07-16,bg_count,786777.951,0.0010791955996909
2019-07-17,bg_count,1277068.03,0.00175170922968828
2019-07-18,bg_count,1202873.423,0.00164993910090744
2019-07-19,bg_count,775033.509,0.00106308616231901
2019-07-20,bg_count,664682.894,0.000911722111026235
2019-07-21,bg_count,675196.038,0.000926142620306263
2019-07-22,bg_count,959194.195,0.0013156928879074
2019-07-23,bg_count,605583.796,0.000830657960173714
2019-07-24,bg_count,562659.429,0.000771780118049339
2019-07-25,bg_count,626052.704,0.000858734440222502
2019-07-26,bg_count,876290.19,0.00120197638469448
2019-07-27,bg_count,589368.267,0.000808415690266153
2019-07-28,bg_count,657946.947,0.000902482649812418
2019-07-29,bg_count,1063465.48,0.00145871813639472
2019-07-30,bg_count,684513.875,0.000938923569081272
2019-07-31,bg_count,640724.104,0.000878858682775539
2019-08-01,bg_count,676646.856,0.000928132656249139
2019-08-02,bg_count,657243.006,0.00090151707874033
2019-08-03,bg_count,757167.234,0.0010385796222738
2019-08-04,bg_count,1139732.167,0.00156333046431874
2019-08-05,bg_count,1197459.105,0.00164251247163612
2019-08-06,bg_count,722951.24,0.000991646748625119
2019-08-07,bg_count,767055.59,0.00105214313186353
2019-08-08,bg_count,744700.534,0.00102147948904616
2019-08-09,bg_count,1089517.657,0.00149445298984992
2019-08-10,bg_count,684695.128,0.000939172187436403
2019-08-11,bg_count,757887.895,0.00103956812758089
2019-08-12,bg_count,666231.029,0.000913845633269842
2019-08-13,bg_count,1016303.687,0.00139402796629724
2019-08-14,bg_count,748902.531,0.00102724322030801
2019-08-15,bg_count,670931.578,0.000920293210747685
2019-08-16,bg_count,766115.974,0.00105085429369603
2019-08-17,bg_count,653836.446,0.000896844420390652
2019-08-18,bg_count,617892.398,0.000847541235944042
2019-08-19,bg_count,652995.787,0.000895691318054107
2019-08-20,bg_count,628861.853,0.000862587650948379
2019-08-21,bg_count,595634.107,0.000817010322268451
2019-08-22,bg_count,1032570.357,0.00141634038451297
2019-08-23,bg_count,772970.005,0.00106025572657292
2019-08-24,bg_count,1117155.053,0.00153236223236518
2019-08-25,bg_count,789062.394,0.00108232908968031
2019-08-26,bg_count,821310.146,0.00112656219511252
2019-08-27,bg_count,677636.433,0.000929490024160375
2019-08-28,bg_count,688757.482,0.000944744375314335
2019-08-29,bg_count,1071886.142,0.00147026846182686
2019-08-30,bg_count,731667.885,0.00100360306351182
2019-08-31,bg_count,1150218.437,0.00157771411147966
2019-09-01,bg_count,770957.009,0.00105749457087119
2019-09-02,bg_count,726585.438,0.000996631650000431
2019-09-03,bg_count,848087.281,0.00116329144791835
2019-09-04,bg_count,817831.291,0.00112179037225807
2019-09-05,bg_count,877088.577,0.00120307150401773
2019-09-06,bg_count,846472.436,0.00116107642191773
2019-09-07,bg_count,837042.389,0.00114814155863852
2019-09-08,bg_count,1311377.984,0.00179877098495905
2019-09-09,bg_count,1161371,0.00159301168927728
2019-09-10,bg_count,740291.867,0.00101543227582564
2019-09-11,bg_count,1172699.397,0.00160855045237862
2019-09-12,bg_count,1300380.755,0.0017836864733373
2019-09-13,bg_count,846046.068,0.00116049158795172
2019-09-14,bg_count,1207380.479,0.00165612127085333
2019-09-15,bg_count,736836.253,0.00101069233183218
2019-09-16,bg_count,828322.17,0.00113618034142192
2019-09-17,bg_count,922010.011,0.00126468865259566
2019-09-18,bg_count,1426746.128,0.00195701740402946
2019-09-19,bg_count,849251.596,0.00116488849778872
2019-09-20,bg_count,866105.237,0.00118800604344802
2019-09-21,bg_count,736307.58,0.00100996716970156
2019-09-22,bg_count,774932.05,0.00106294699458279
2019-09-23,bg_count,1001216.708,0.00137333368866944
2019-09-24,bg_count,770156.359,0.00105639634747056
2019-09-25,bg_count,780199.26,0.00107017184099266
2019-09-26,bg_count,720821.193,0.000988725038190029
2019-09-27,bg_count,667993.119,0.000916262630049991
2019-09-28,bg_count,771777.398,0.00105861986956279
2019-09-29,bg_count,763499.58,0.0010472654782135
2019-09-30,bg_count,621349.391,0.000852283071463226
2019-10-01,bg_count,987721.341,0.00135482256915458
2019-10-02,bg_count,727489.367,0.000997871537567175
2019-10-03,bg_count,623675.871,0.000855474222124703
2019-10-04,bg_count,764972.341,0.0010492856125965
2019-10-05,bg_count,747656.871,0.00102553459236667
2019-10-06,bg_count,1055964.7,0.00144842958069745
2019-10-07,bg_count,869498.387,0.00119266030777309
2019-10-08,bg_count,712956.472,0.000977937277443546
2019-10-09,bg_count,729701.046,0.00100090521974103
2019-10-10,bg_count,975618.205,0.00133822112385854
2019-10-11,bg_count,990918.872,0.00135920850978839
2019-10-12,bg_count,644127.738,0.000883527327634091
2019-10-13,bg_count,604282.511,0.000828873033379364
2019-10-14,bg_count,642857.263,0.000881784661831402
2019-10-15,bg_count,904627.968,0.00124084631652689
2019-10-16,bg_count,756602.842,0.00103780546564914
2019-10-17,bg_count,763709.632,0.00104755359914243
2019-10-18,bg_count,802321.53,0.00110051617945414
2019-10-19,bg_count,931903.402,0.00127825906851752
2019-10-20,bg_count,922208.703,0.00126496119141277
2019-10-21,bg_count,1001193.187,0.00137330142574231
2019-10-22,bg_count,825937.833,0.00113290983035167
2019-10-23,bg_count,839289.971,0.00115122448769273
2019-10-24,bg_count,929403.51,0.0012748300547244
2019-10-25,bg_count,1378277.581,0.00189053480550299
2019-10-26,bg_count,888749.481,0.00121906635525781
2019-10-27,bg_count,914768.558,0.00125475580660902
2019-10-28,bg_count,1366236.027,0.001874017830067
2019-10-29,bg_count,796960.873,0.00109316315508621
2019-10-30,bg_count,674353.613,0.000924987095609728
2019-10-31,bg_count,638536.772,0.000875858396523919
2019-11-01,bg_count,633914.575,0.000869518291724382
2019-11-02,bg_count,560453.875,0.000768754837322222
2019-11-03,bg_count,565081.266,0.00077510206654859
2019-11-04,bg_count,903522.575,0.00123933008788829
2019-11-05,bg_count,574456.007,0.000787961068535851
2019-11-06,bg_count,823951.428,0.00113018514858792
2019-11-07,bg_count,375853.254,0.000515544668391842
2019-11-08,bg_count,317111.251,0.000434970332171495
2019-11-09,bg_count,244426.024,0.000335270566765976
2019-11-10,bg_count,214119.791,0.000293700574552497
2019-11-11,bg_count,172506.297,0.000236620810744317
2019-11-12,bg_count,138807.829,0.000190397809279034
2019-11-13,bg_count,121899.978,0.000167205905672385
2019-11-14,bg_count,148597.342,0.000203825739407591
2019-11-15,bg_count,83146.061,0.000114048522901262
2019-11-16,bg_count,56889.542,7.80333807229823e-05
2019-11-17,bg_count,71986.101,9.87407988993136e-05
2019-11-18,bg_count,48272.164,6.62132268833214e-05
2019-11-19,bg_count,69849.208,9.58096980471873e-05
2019-11-20,bg_count,48501.91,6.65283613782973e-05
2019-11-21,bg_count,47250.4,6.48117091980315e-05
2019-11-22,bg_count,50794.35,6.96728205708954e-05
2019-11-23,bg_count,46541.343,6.38391206889644e-05
2019-11-24,bg_count,67155.512,9.21148501343675e-05
2019-11-25,bg_count,68148.026,9.34762466250422e-05
2019-11-26,bg_count,13952.928,1.913873982013e-05
2019-11-27,bg_count,13826.755,1.89656727607053e-05
2019-11-28,bg_count,20926.737,2.87044679602223e-05
2019-11-29,bg_count,12947.155,1.77591564262279e-05
2019-11-30,bg_count,12834.942,1.76052378070366e-05
2019-12-01,bg_count,13583.244,1.86316573001267e-05
2019-12-02,bg_count,13382.939,1.83569059877376e-05
2019-12-03,bg_count,13344.376,1.83040104790899e-05
2019-12-04,bg_count,19636.906,2.6935252214184e-05
2019-12-05,bg_count,14012.068,1.92198600748151e-05
2019-12-06,bg_count,13944.992,1.91278542884902e-05
2019-12-07,bg_count,14180.011,1.9450221571815e-05
2019-12-08,bg_count,14448.516,1.98185204217341e-05
2019-12-09,bg_count,12998.431,1.78294899091368e-05
2019-12-10,bg_count,14109.529,1.93535438952727e-05
2019-12-11,bg_count,20986.785,2.87868336865214e-05
2019-12-12,bg_count,15140.222,2.07673091753221e-05
2019-12-13,bg_count,12710.635,1.74347302740786e-05
2019-12-14,bg_count,17968.45,2.46466898934056e-05
2019-12-15,bg_count,14332.621,1.9659551332848e-05
2019-12-16,bg_count,20340.429,2.79002499303965e-05
2019-12-17,bg_count,14387.309,1.97345649359629e-05
2019-12-18,bg_count,13554.999,1.85929146286086e-05
2019-12-19,bg_count,13723.883,1.88245668621601e-05
2019-12-20,bg_count,18618.431,2.55382459343332e-05
2019-12-21,bg_count,12200.937,1.67355954825251e-05
2019-12-22,bg_count,12976.146,1.77989223596668e-05
2019-12-23,bg_count,14230.341,1.95192574598485e-05
2019-12-24,bg_count,12028.134,1.64985676947276e-05
2019-12-25,bg_count,13889.878,1.90522563561819e-05
2019-12-26,bg_count,13194.613,1.80985858476662e-05
2019-12-27,bg_count,13795.274,1.89224913819812e-05
2019-12-28,bg_count,19949.185,2.73635943178837e-05
2019-12-29,bg_count,13375.183,1.83462673557569e-05
2019-12-30,bg_count,12670.022,1.73790228526459e-05
2019-12-31,bg_count,13794.643,1.89216258615094e-05
2020-01-01,bg_count,13543.098,1.85765904461432e-05
2020-01-02,bg_count,14167.91,1.94336230563949e-05
2020-01-03,bg_count,14232.486,1.95221996807869e-05
2020-01-04,bg_count,12858.75,1.76378944019561e-05
2020-01-05,bg_count,21909.67,3.00527225307053e-05
2020-01-06,bg_count,12959.622,1.7776256970955e-05
2020-01-07,bg_count,13614.668,1.86747604939587e-05
2020-01-08,bg_count,13370.638,1.83400331393628e-05
2020-01-09,bg_count,12971.916,1.77931202176763e-05
2020-01-10,bg_count,19809.569,2.71720879689133e-05
2020-01-11,bg_count,13712.726,1.88092631982859e-05
2020-01-12,bg_count,20934.459,2.87150599556007e-05
2020-01-13,bg_count,12728.733,1.74595546631433e-05
2020-01-14,bg_count,12795.038,1.75505028959281e-05
2020-01-15,bg_count,14843.061,2.03597038996631e-05
2020-01-16,bg_count,14550.11,1.99578733326992e-05
2020-01-17,bg_count,18707.337,2.56601951626563e-05
2020-01-18,bg_count,19807.965,2.71698878186171e-05
2020-01-19,bg_count,12524.672,1.71796513778662e-05
2020-01-20,bg_count,13491.319,1.85055670158534e-05
2020-01-21,bg_count,12750.225,1.74890344824482e-05
2020-01-22,bg_count,20376.241,2.79493719892532e-05
2020-01-23,bg_count,13038.442,1.7884371588376e-05
2020-01-24,bg_count,13255.199,1.81816895296133e-05
2020-01-25,bg_count,15284.654,2.09654214618401e-05
2020-01-26,bg_count,19333.189,2.65186543042722e-05
2020-01-27,bg_count,12050.82,1.65296852817716e-05
2020-01-28,bg_count,12402.305,1.70118048745681e-05
2020-01-29,bg_count,12785.287,1.7537127792725e-05
2020-01-30,bg_count,13328.583,1.82823477773273e-05
2020-01-31,bg_count,13712.338,1.88087309923539e-05
2020-02-01,bg_count,12734.418,1.74673525773788e-05
2020-02-02,bg_count,12776.32,1.7524828074704e-05
2020-02-03,bg_count,12915.992,1.77164112369017e-05
2020-02-04,bg_count,13672.599,1.8754222405933e-05
2020-02-05,bg_count,19674.455,2.69867568547517e-05
2020-02-06,bg_count,19884.159,2.72744004443438e-05
2020-02-07,bg_count,13283.616,1.82206681274723e-05
2020-02-08,bg_count,20274.951,2.78104360643791e-05
2020-02-09,bg_count,14033.275,1.92489489696596e-05
2020-02-10,bg_count,20342.05,2.79024733989938e-05
2020-02-11,bg_count,12240.834,1.67903207919801e-05
2020-02-12,bg_count,19608.796,2.68966947174103e-05
2020-02-13,bg_count,14163.561,1.94276576862964e-05
2020-02-14,bg_count,19138.471,2.62515664829707e-05
2020-02-15,bg_count,14801.785,2.03030870644859e-05
2020-02-16,bg_count,14033.74,1.92495867937792e-05
2020-02-17,bg_count,20641.41,2.8313094965489e-05
2020-02-18,bg_count,14215.235,1.9498537091785e-05
2020-02-19,bg_count,14586.688,2.00080460867721e-05
2020-02-20,bg_count,14406.663,1.97611121359828e-05
2020-02-21,bg_count,12846.489,1.76210764201723e-05
2020-02-22,bg_count,11920.308,1.63506665688961e-05
2020-02-23,bg_count,19096.405,2.61938660326227e-05
2020-02-24,bg_count,14388.467,1.97361533237702e-05
2020-02-25,bg_count,13403.886,1.83856382497411e-05
2020-02-26,bg_count,14276.087,1.95820056365618e-05
2020-02-27,bg_count,13550.13,1.85862359928281e-05
2020-02-28,bg_count,14360.497,1.96977878600648e-05
2020-02-29,bg_count,19321.99,2.65032930304775e-05
2020-03-01,bg_count,13502.528,1.85209420062958e-05
2020-03-02,bg_count,13492.276,1.85068796990413e-05
2020-03-03,bg_count,13625.139,1.86891231957985e-05
2020-03-04,bg_count,19417.136,2.66338014469852e-05
2020-03-05,bg_count,12934.988,1.77424673809328e-05
2020-03-06,bg_count,12907.926,1.77053473888414e-05
2020-03-07,bg_count,13113.508,1.79873369762385e-05
2020-03-08,bg_count,12975.231,1.77976672863994e-05
2020-03-09,bg_count,12967.569,1.77871575909073e-05
2020-03-10,bg_count,14523.747,1.99217121342842e-05
2020-03-11,bg_count,13992.224,1.91926407590564e-05
2020-03-12,bg_count,13178.564,1.80765719997216e-05
2020-03-13,bg_count,13720.976,1.88205794326645e-05
2020-03-14,bg_count,12524.706,1.71796980144685e-05
2020-03-15,bg_count,13751.181,1.8862010567138e-05
2020-03-16,bg_count,20312.55,2.78620092881854e-05
2020-03-17,bg_count,12400.455,1.70092672947377e-05
2020-03-18,bg_count,18224.311,2.49976454139327e-05
2020-03-19,bg_count,19850.146,2.72277460104141e-05
2020-03-20,bg_count,19533.7,2.67936881796046e-05
2020-03-21,bg_count,13890.602,1.90532494414776e-05
2020-03-22,bg_count,20788.94,2.85154566694742e-05
2020-03-23,bg_count,13048.525,1.78982020842838e-05
2020-03-24,bg_count,20468.848,2.80763977489018e-05
2020-03-25,bg_count,13756.625,1.88694779101631e-05
2020-03-26,bg_count,11762.632,1.61343879541223e-05
2020-03-27,bg_count,20159.745,2.76524120525217e-05
2020-03-28,bg_count,13314.864,1.82635299083042e-05
2020-03-29,bg_count,13012.746,1.78491252903647e-05
2020-03-30,bg_count,13077.775,1.79383232788989e-05
2020-03-31,bg_count,12630.038,1.73241782083557e-05
2020-04-01,bg_count,12764.661,1.75088358351137e-05
2020-04-02,bg_count,14363.543,1.97019659509638e-05
2020-04-03,bg_count,19991.645,2.74218352041524e-05
2020-04-04,bg_count,14063.207,1.92900056396501e-05
2020-04-05,bg_count,13700.288,1.87922024318372e-05
2020-04-06,bg_count,13140.522,1.80243911284208e-05
2020-04-07,bg_count,11956.209,1.63999107059176e-05
2020-04-08,bg_count,13441.572,1.84373308083826e-05
2020-04-09,bg_count,18895.467,2.59182464564321e-05
2020-04-10,bg_count,19657.908,2.69640599177501e-05
2020-04-11,bg_count,19936.999,2.73468792109579e-05
2020-04-12,bg_count,15044.932,2.06366032390871e-05
2020-04-13,bg_count,20114.763,2.75907118276951e-05
2020-04-14,bg_count,14000.33,1.92037594737077e-05
2020-04-15,bg_count,12979.291,1.78032362453784e-05
2020-04-16,bg_count,13591.313,1.86427252631814e-05
2020-04-17,bg_count,14651.608,2.00970945638461e-05
2020-04-18,bg_count,14875.428,2.04041005733762e-05
2020-04-19,bg_count,13050.176,1.79004667028243e-05
2020-04-20,bg_count,15973.251,2.19099457096483e-05
2020-04-21,bg_count,16156.912,2.21618670335529e-05
2020-04-22,bg_count,14187.333,1.94602649012841e-05
2020-04-23,bg_count,15352.806,2.1058903159461e-05
2020-04-24,bg_count,60324.857,8.27454812932131e-05
2020-04-25,bg_count,94860.998,0.000130117489304028
2020-04-26,bg_count,61548.359,8.4423715886512e-05
2020-04-27,bg_count,65708.483,9.0130011429317e-05
2020-04-28,bg_count,122874.222,0.000168542241847654
2020-04-29,bg_count,140255.379,0.000192383362621432
2020-04-30,bg_count,92952.037,0.000127499034746979
2020-05-01,bg_count,180791.623,0.000247985500552718
2020-05-02,bg_count,164398.42,0.000225499521478249
2020-05-03,bg_count,175884.157,0.000241254102315005
2020-05-04,bg_count,367634.483,0.000504271269732419
2020-05-05,bg_count,411203.505,0.00056403336241114
2020-05-06,bg_count,319942.955,0.00043885448079633
2020-05-07,bg_count,338692.668,0.000464572801625414
2020-05-08,bg_count,355693.289,0.00048789195457307
2020-05-09,bg_count,395847.92,0.000542970647395274
2020-05-10,bg_count,480982.744,0.000659747086445813
2020-05-11,bg_count,379904.352,0.000521101416811088
2020-05-12,bg_count,352580.151,0.000483621772844464
2020-05-13,bg_count,600985.796,0.000824351045546694
2020-05-14,bg_count,333681.071,0.000457698570563206
2020-05-15,bg_count,309581.665,0.000424642264298766
2020-05-16,bg_count,533830.455,0.000732236429967003
2020-05-17,bg_count,363119.876,0.000498078742345827
2020-05-18,bg_count,436749.531,0.000599073946369738
2020-05-19,bg_count,695616.372,0.00095415247311036
2020-05-20,bg_count,529947.657,0.000726910532729081
2020-05-21,bg_count,876984.948,0.00120292935976895
2020-05-22,bg_count,959557.17,0.00131619076792844
2020-05-23,bg_count,605354.715,0.000830343737835812
2020-05-24,bg_count,709455.574,0.000973135218982497
2020-05-25,bg_count,683320.401,0.000937286522837781
2020-05-26,bg_count,671199.319,0.000920660461645718
2020-05-27,bg_count,1226568.092,0.00168244024368658
2020-05-28,bg_count,1193741.606,0.00163741330921353
2020-05-29,bg_count,777389.829,0.00106631824345731
2020-05-30,bg_count,813633.515,0.00111603243079323
2020-05-31,bg_count,753568.566,0.00103364345614788
2020-06-01,bg_count,723926.383,0.000992984317927019
2020-06-02,bg_count,705443.042,0.000967631370186893
2020-06-03,bg_count,1083715.278,0.00148649407097506
2020-06-04,bg_count,1002916.539,0.00137566528697248
2020-06-05,bg_count,677509.95,0.000929316531884871
2020-06-06,bg_count,686457.546,0.000941589634122597
2020-06-07,bg_count,609249.357,0.000835685881071307
2020-06-08,bg_count,702492.16,0.000963583749297721
2020-06-09,bg_count,1248358.003,0.00171232869701572
2020-06-10,bg_count,1249764.404,0.00171425780772436
2020-06-11,bg_count,856239.676,0.00117447380095679
2020-06-12,bg_count,880508.694,0.00120776275802674
2020-06-13,bg_count,1266048.613,0.00173659428356854
2020-06-14,bg_count,925853.855,0.00126996111800401
2020-06-15,bg_count,1151048.483,0.00157885265633796
2020-06-16,bg_count,689192.243,0.000945340721662782
2020-06-17,bg_count,762644.018,0.00104609193395684
2020-06-18,bg_count,772271.579,0.00105929772023205
2020-06-19,bg_count,708134.229,0.000971322776592797
2020-06-20,bg_count,666027.332,0.000913566229270542
2020-06-21,bg_count,1094218.86,0.00150090146439653
2020-06-22,bg_count,1107568.569,0.00151921278996385
2020-06-23,bg_count,1010076.38,0.00138548618865365
2020-06-24,bg_count,747844.374,0.00102579178362663
2020-06-25,bg_count,1087681.418,0.00149193428549851
2020-06-26,bg_count,680965.494,0.000934056379861798
2020-06-27,bg_count,760969.469,0.0010437950140826
2020-06-28,bg_count,801163.926,0.00109892833482606
2020-06-29,bg_count,711810.665,0.000976365614344798
2020-06-30,bg_count,828687.117,0.0011366809263659
2020-07-01,bg_count,774332.903,0.00106212516574894
2020-07-02,bg_count,757415.087,0.00103891959350282
2020-07-03,bg_count,747297.549,0.00102504172303705
2020-07-04,bg_count,1028967.33,0.0014113982393003
2020-07-05,bg_count,637922.315,0.000875015567502393
2020-07-06,bg_count,1089769.387,0.00149479827902327
2020-07-07,bg_count,1039231.388,0.00142547708608864
2020-07-08,bg_count,781565.917,0.00107204643625656
2020-07-09,bg_count,733305.371,0.00100584914537457
2020-07-10,bg_count,1272316.606,0.0017451918687651
2020-07-11,bg_count,832975.16,0.00114256268389482
2020-07-12,bg_count,793867.845,0.00108892055753619
2020-07-13,bg_count,807310.971,0.00110736001991163
2020-07-14,bg_count,828781.022,0.00113680973254642
2020-07-15,bg_count,908010.219,0.0012454856310776
2020-07-16,bg_count,1273362.139,0.00174662598955038
2020-07-17,bg_count,716215.341,0.000982407353251211
2020-07-18,bg_count,795692.765,0.00109142373601404
2020-07-19,bg_count,1091198.003,0.00149675786126485
2020-07-20,bg_count,729217.253,0.00100024161792542
2020-07-21,bg_count,672184.189,0.000922011373130866
2020-07-22,bg_count,770226.35,0.0010564923516597
2020-07-23,bg_count,722262.352,0.000990701825222862
2020-07-24,bg_count,890583.856,0.00122158250282608
2020-07-25,bg_count,835296.175,0.00114574633840831
2020-07-26,bg_count,953412.754,0.00130776268894956
2020-07-27,bg_count,853818.6,0.00117115289629443
2020-07-28,bg_count,1011156.231,0.00138696738223062
2020-07-29,bg_count,1042684.25,0.00143021325526065
2020-07-30,bg_count,1342991.381,0.00184213396798408
2020-07-31,bg_count,870545.079,0.00119409601831784
2020-08-01,bg_count,797629.701,0.00109408056289312
2020-08-02,bg_count,1365723.232,0.00187331444722965
2020-08-03,bg_count,804875.201,0.00110401896000709
2020-08-04,bg_count,1380635.395,0.00189376893590847
2020-08-05,bg_count,814134.67,0.00111671984745262
2020-08-06,bg_count,707867.734,0.000970957234789072
2020-08-07,bg_count,1160098.933,0.00159126683978427
2020-08-08,bg_count,676679.538,0.000928177484997256
2020-08-09,bg_count,652954.58,0.000895634795863798
2020-08-10,bg_count,1125948.077,0.00154442331363558
2020-08-11,bg_count,663048.72,0.000909480572117211
2020-08-12,bg_count,1079723.304,0.00148101842086386
2020-08-13,bg_count,570274.261,0.000782225114857321
2020-08-14,bg_count,562493.757,0.000771552871603039
2020-08-15,bg_count,608611.822,0.000834811396770147
2020-08-16,bg_count,540037.454,0.000740750351842383
2020-08-17,bg_count,502706.75,0.000689545140208073
2020-08-18,bg_count,510990.985,0.000700908333530207
2020-08-19,bg_count,543999.849,0.000746185429481255
2020-08-20,bg_count,510901.588,0.00070078571081448
2020-08-21,bg_count,541474.129,0.000742720988330372
2020-08-22,bg_count,482115.866,0.000661301349976913
2020-08-23,bg_count,523974.737,0.000718717688772139
2020-08-24,bg_count,493310.854,0.000676657120652536
2020-08-25,bg_count,511245.075,0.000701256859832421
2020-08-26,bg_count,566517.554,0.000777072172202312
2020-08-27,bg_count,555490.432,0.000761946657405502
2020-08-28,bg_count,855843.28,0.00117393007852737
2020-08-29,bg_count,587672.075,0.000806089083451226
2020-08-30,bg_count,596071.78,0.000817610662904717
2020-08-31,bg_count,642966.729,0.000881934812487462
2020-09-01,bg_count,652282.284,0.000894712631123458
2020-09-02,bg_count,656625.816,0.00090067050095898
2020-09-03,bg_count,711879.06,0.000976459429356959
2020-09-04,bg_count,772093.108,0.00105905291784832
2020-09-05,bg_count,1170368.504,0.0016053532485605
2020-09-06,bg_count,1166200.7,0.00159963641863224
2020-09-07,bg_count,816988.878,0.00112063486402151
2020-09-08,bg_count,711725.017,0.000976248134000306
2020-09-09,bg_count,738243.754,0.00101262295137208
2020-09-10,bg_count,759040.886,0.00104114964471937
2020-09-11,bg_count,754087.542,0.0010343553172452
2020-09-12,bg_count,801883.312,0.00109991509126057
2020-09-13,bg_count,877759.43,0.0012039916894458
2020-09-14,bg_count,1323356.741,0.00181520182396227
2020-09-15,bg_count,730387.251,0.0010018464629667
2020-09-16,bg_count,1322844.658,0.00181449941775023
2020-09-17,bg_count,870164.234,0.00119357362664731
2020-09-18,bg_count,899706.224,0.00123409533365955
2020-09-19,bg_count,1119412.711,0.00153545898231363
2020-09-20,bg_count,798510.3,0.0010952884495207
2020-09-21,bg_count,724811.516,0.000994198423682686
2020-09-22,bg_count,734015.916,0.00100682377492082
2020-09-23,bg_count,671015.478,0.000920408293422154
2020-09-24,bg_count,715911.472,0.000981990546848253
2020-09-25,bg_count,953149.942,0.0013074021989872
2020-09-26,bg_count,1305757.787,0.00179106195871589
2020-09-27,bg_count,772705.131,0.00105989240823779
2020-09-28,bg_count,1577959.022,0.00216443080397783
2020-09-29,bg_count,1263227.719,0.00173272496263991
2020-09-30,bg_count,1067295.728,0.00146397195264881
2020-10-01,bg_count,1099976.565,0.00150879910551931
2020-10-02,bg_count,956863.809,0.00131249637952332
2020-10-03,bg_count,1664704.307,0.00228341625565063
2020-10-04,bg_count,1794942.665,0.00246205962343429
2020-10-05,bg_count,1060664.772,0.00145487650389119
2020-10-06,bg_count,1172091.484,0.00160771659953137
2020-10-07,bg_count,1869527.255,0.00256436467815837
2020-10-08,bg_count,1726519.559,0.00236820605926345
2020-10-09,bg_count,1024231.878,0.00140490278660688
2020-10-10,bg_count,895459.832,0.00122827070734009
2020-10-11,bg_count,805015.375,0.00110421123174501
2020-10-12,bg_count,882976.38,0.00121114759598417
2020-10-13,bg_count,858068.598,0.00117698246883706
2020-10-14,bg_count,871713.378,0.00119569853290067
2020-10-15,bg_count,711883.777,0.000976465899499694
2020-10-16,bg_count,596491.212,0.000818185983003856
2020-10-17,bg_count,773723.362,0.00106128907983144
2020-10-18,bg_count,591727.582,0.000811651879540456
2020-10-19,bg_count,510132.201,0.000699730369769648
2020-10-20,bg_count,464808.06,0.000637560842185912
2020-10-21,bg_count,283727.323,0.000389178774143964
2020-10-22,bg_count,312540.448,0.00042870072271131
2020-10-23,bg_count,552703.289,0.000758123631534624
2020-10-24,bg_count,571192.886,0.000783485160409571
2020-10-25,bg_count,356097.643,0.000488446592710759
2020-10-26,bg_count,518711.105,0.000711497750178826
2020-10-27,bg_count,239854.108,0.000328999430642899
2020-10-28,bg_count,364444.347,0.000499895472559608
2020-10-29,bg_count,217331.036,0.000298105326197004
2020-10-30,bg_count,184473.619,0.000253035964760859
2020-10-31,bg_count,306314.276,0.000420160501907234
2020-11-01,bg_count,202842.663,0.000278232135332406
2020-11-02,bg_count,198331.827,0.000272044780493674
2020-11-03,bg_count,250565.124,0.000343691353974923
2020-11-04,bg_count,218437.683,0.000299623274903235
2020-11-05,bg_count,178367.683,0.000244660667442449
2020-11-06,bg_count,185217.265,0.000254055997782765
2020-11-07,bg_count,178098.544,0.000244291498957063
2020-11-08,bg_count,165028.105,0.00022636323821094
2020-11-09,bg_count,129193.468,0.000177210128978828
2020-11-10,bg_count,136642.345,0.000187427491159379
2020-11-11,bg_count,164017.459,0.000224976970694599
2020-11-12,bg_count,128796.063,0.000176665022539647
2020-11-13,bg_count,133650.448,0.000183323611439536
2020-11-14,bg_count,134527.097,0.000184526079991267
2020-11-15,bg_count,161938.542,0.000222125393479361
2020-11-16,bg_count,151227.347,0.000207433224619343
2020-11-17,bg_count,154142.885,0.000211432365388772
2020-11-18,bg_count,163418.712,0.000224155690526659
2020-11-19,bg_count,141633.266,0.000194273361680736
2020-11-20,bg_count,115598.428,0.000158562291521037
2020-11-21,bg_count,127449.097,0.000174817436726794
2020-11-22,bg_count,73458.705,0.000100760717930938
2020-11-23,bg_count,58865.483,8.07437093865379e-05
2020-11-24,bg_count,82295.411,0.000112881716261968
2020-11-25,bg_count,15435.167,2.11718748418437e-05
2020-11-26,bg_count,12609.894,1.7296547393165e-05
2020-11-27,bg_count,15404.731,2.11301268528076e-05
2020-11-28,bg_count,15040.727,2.06308353887159e-05
2020-11-29,bg_count,12570.367,1.7242329599676e-05
2020-11-30,bg_count,13251.02,1.81759573425262e-05
2020-12-01,bg_count,19621.719,2.69144207412739e-05
2020-12-02,bg_count,14438.946,1.98053935898549e-05
2020-12-03,bg_count,13305.754,1.82510340422207e-05
2020-12-04,bg_count,13933.334,1.91118634205646e-05
2020-12-05,bg_count,13026.743,1.78683244821947e-05
2020-12-06,bg_count,13900.649,1.90670305574536e-05
2020-12-07,bg_count,19661.774,2.69693627737631e-05
2020-12-08,bg_count,15393.273,2.11144103178367e-05
2020-12-09,bg_count,12367.86,1.69645578814564e-05
2020-12-10,bg_count,20025.969,2.74689162258265e-05
2020-12-11,bg_count,20311.404,2.78604373603554e-05
2020-12-12,bg_count,14057.617,1.92823380335681e-05
2020-12-13,bg_count,20519.03,2.81452306305489e-05
2020-12-14,bg_count,13526.062,1.85532227650675e-05
2020-12-15,bg_count,12875.694,1.76611358898727e-05
2020-12-16,bg_count,12013.994,1.6479172354835e-05
2020-12-17,bg_count,12344.612,1.69326694188098e-05
2020-12-18,bg_count,19766.486,2.7112992535491e-05
2020-12-19,bg_count,12673.832,1.73842488954317e-05
2020-12-20,bg_count,13410.982,1.83953715829715e-05
2020-12-21,bg_count,13412.953,1.83980751342394e-05
2020-12-22,bg_count,13872.242,1.90280656762423e-05
2020-12-23,bg_count,12754.439,1.74948146778024e-05
2020-12-24,bg_count,18632.808,2.5557966358777e-05
2020-12-25,bg_count,15159.229,2.07933804076657e-05
2020-12-26,bg_count,14462.227,1.9837327317439e-05
2020-12-27,bg_count,12992.697,1.78216247833275e-05
2020-12-28,bg_count,13644.119,1.87151573931932e-05
2020-12-29,bg_count,14345.346,1.96770057670865e-05
2020-12-30,bg_count,19695.125,2.7015109165613e-05
2020-12-31,bg_count,19573.757,2.68486329554233e-05
