participation_time_days,yhat,se,reporting_prob,reporting_prob_ul95,reporting_prob_ll95
0,0.6157604754172729,0.025864599341445114,0.4597700925082655,0.48700525324125477,0.4310890027772927
1,0.6070473262692014,0.02509404475817216,0.4550424222117828,0.4817178095181307,0.42699408344962264
2,0.5985228659074983,0.0244533867943857,0.45037709650007607,0.4766106514009856,0.4228286516332528
3,0.5901824032403449,0.023937764150611673,0.4457738171375053,0.47168254295188383,0.41859452555936194
4,0.5820213806714009,0.02354110744928753,0.44123225807434974,0.46693056729968585,0.4142950800328151
5,0.5740353699186173,0.023256224850986086,0.43675206726386206,0.4623501782174976,0.4099352015411425
6,0.5662200679753269,0.023074972674062468,0.4323328684071994,0.45793535493843607,0.405521139910906
7,0.558571293208413,0.022988491983263755,0.4279742626276599,0.4536788433550042,0.40106027336408734
8,0.5510849815885681,0.022987483313750775,0.4236758300757414,0.4495724550123008,0.3965608155632755
9,0.5437571830478426,0.023062488972010596,0.41943713146661377,0.4456073900392227,0.392031498501468
10,0.5365840579598714,0.023204155602575896,0.41525770955164965,0.44177455179927627,0.3874812634556999
11,0.529561873738343,0.023403457115595938,0.4111370905257137,0.4380648279518601,0.3829189853152397
12,0.5226870015494471,0.02365186708850557,0.40707478537194286,0.4344693220938354,0.3783532461168092
13,0.5159559131341996,0.023941478116017316,0.40307029114577864,0.43097952957821906,0.37379216419285777
14,0.5093651777367005,0.024265071888518498,0.39912309220003184,0.4275874587010462,0.3692432777452298
15,0.502911459134534,0.02461614758682637,0.3952326613527707,0.42428570346888617,0.3647134766355654
16,0.49659151276765984,0.024988917748045625,0.39139846099982645,0.421067476696644,0.360208973647011
17,0.49040218296228855,0.02537828068421734,0.3876199441737074,0.41792661278608734,0.35573530587132507
18,0.4843404002463614,0.025779777477880933,0.38389655555070556,0.41485754887827797,0.3512973575329892
19,0.4784031787533898,0.026189540079731306,0.3802277324079637,0.4118552917600481,0.3468993968751958
20,0.47258761371152536,0.026604235467231882,0.37661290553225435,0.40891537637640984,0.3425451212609948
21,0.4668908790148543,0.02702100940474455,0.37305150008220056,0.406033820330838,0.3382377061129723
22,0.4613102248740203,0.027437432171438916,0.3695429364056396,0.403207077483423,0.33397985458685997
23,0.45584297554339015,0.027851447712307197,0.3660866308138073,0.4004319927317552,0.32977384589967684
24,0.4504865271220796,0.02826132699760217,0.362681996313983,0.39770575927638274,0.32562158101605265
25,0.44523834542625834,0.028665625906621427,0.35932844330220837,0.3950258791008545,0.321524624968216
26,0.4400959639302468,0.0290631476391075,0.3560253802176526,0.3923901269957566,0.31748424548571685
27,0.4350569817740145,0.029452909461559925,0.35277221416016324,0.3897965181873815,0.3135014478796849
28,0.43011906183477144,0.029834113483183294,0.3495683514725022,0.3872432794603763,0.3095770062976546
29,0.42527992886043786,0.03020612110102496,0.3464131982887281,0.38472882356209015,0.30571149156655153
30,0.42053736766285116,0.030568430736657527,0.3433061610501458,0.38225172662289,0.3019052958947914
31,0.41588922136865414,0.030920658493523275,0.34024664699020446,0.3798107083055082,0.29815865472555403
32,0.41133338972588096,0.03126252138498159,0.33723406458968497,0.3774046143960085,0.2944716660336686
33,0.40686782746433003,0.03159382281153696,0.33426782400347455,0.37503240156112483,0.2908443073462539
34,0.4024905427078849,0.03191443999730077,0.33134733746018963,0.37269312401601307,0.2872764507478627
35,0.3981995954370094,0.03222431312768823,0.3284720196358645,0.370385921869149,0.283767876108045
36,0.3939930959997084,0.03252343596100973,0.32564128800288317,0.36811001093483586,0.28031828274539594
37,0.38986920366930894,0.03281184771506364,0.32285456315529304,0.36586467382705823,0.2769272997187362
38,0.38582612524747417,0.03308962605564017,0.32011126911159904,0.36364925217037813,0.273594494913984
39,0.38186211371092055,0.033356881036879484,0.31741083359609756,0.36146313978375666,0.27031938307494763
40,0.37797546690036626,0.03361374986374987,0.3147526882997722,0.3593057767114123,0.26710143290790433
41,0.3741645262502873,0.03386039236469409,0.312136269121734,0.3571766439910763,0.26394007337343994
42,0.37042767555811346,0.0340969870779538,0.30956101639215416,0.355075259064356,0.2608346992645382
43,0.3667633397915426,0.03432372786846443,0.3070263750776001,0.35300117174650003,0.2577846761571886
44,0.3631699839327002,0.034540821003759103,0.3045317949696493,0.35095396068383833,0.2547893448086649
45,0.3596461118579149,0.03474848262725659,0.30207673085762377,0.3489332302367144,0.2518480250689493
46,0.3561902652519277,0.034946936575848485,0.2996606426862515,0.34693860773400265,0.248960019362376
47,0.35280102255539136,0.035136412496031076,0.29728299569903105,0.3449697410524596,0.2461246157892747
48,0.3494769979445583,0.03531714421911855,0.29494326056804254,0.3430262964803482,0.2433410908910857
49,0.3462168403420947,0.03548936836147087,0.2926409135109165,0.3411079568301182,0.24060871211695
50,0.34301923245799576,0.03565332312030127,0.2903754363956451,0.3392144197695359,0.2379267400250461
51,0.3398828898596117,0.035809247239604276,0.28814631683388836,0.3373453963446442,0.23529443024784258
52,0.33680656006983256,0.03595737912416081,0.2859530482634022,0.3355006096713715,0.23271103524688808
53,0.33378902169250774,0.03609795608251321,0.2837951300201851,0.333679793775582,0.23017580587967157
54,0.33082908356421475,0.03623121368233009,0.28167206740091866,0.33188269256393044,0.22768799279841356
55,0.327925583931517,0.036357385203757184,0.2795833717162466,0.33010905891010933,0.22524684769832004
56,0.32507738965288435,0.0364767011782274,0.27752856033541606,0.32835865384300456,0.22285162443080475
57,0.32228339542447637,0.036589389001823354,0.27550715672278103,0.3266312458249443,0.22050157999541908
58,0.3195425230290178,0.036695672613686454,0.2735186904666428,0.32492661010968205,0.21819597542268476
59,0.31685372060702094,0.036795772231178074,0.27156269730088334,0.323244528171011,0.2159340765586769
60,0.3142159619496364,0.03688990413454888,0.26963871911982484,0.32158478719400707,0.21371515476101954
61,0.31162824581243687,0.03697828049478304,0.2677463039867273,0.3199471796218537,0.21153848751491877
62,0.3090895952494658,0.037061109239075546,0.26588500613632027,0.3183315027520376,0.20940335897694806
63,0.30659905696690076,0.03713859394908896,0.2640543859717419,0.3167375583764307,0.20730906045348974
64,0.3041557006957089,0.037210933787735136,0.2622540100562435,0.31516515246041377,0.20525489082003479
65,0.3017586185826882,0.03727832345075017,0.2604834510999975,0.31361409485675473,0.20324015688690789
66,0.2994069245993131,0.037340953139786234,0.25874228794233545,0.3120841990504446,0.201264173716435
67,0.29709975396781935,0.03739900855414354,0.2570301055297193,0.3105752819311247,0.19932626489607042
68,0.29483626260398504,0.03745267089861299,0.2553464948897417,0.30908716359011645,0.19742576277156976
69,0.292615626576081,0.03750211690520673,0.2536910531014297,0.30761966713939837,0.19556200864389606
70,0.2904370415794818,0.03754751886682062,0.25206338326211797,0.30617261855016886,0.19373435293320307
71,0.2882997224264476,0.03758904468110812,0.2504630944511398,0.30474584650889125,0.1919421553129267
72,0.2862029025506003,0.03762685790305153,0.24888980169057362,0.30333918228894863,0.19018478481673307
73,0.28414583352563744,0.037661117804897795,0.24734312590327145,0.3019524596362372,0.18846161992082788
74,0.2821277845978378,0.037691979442286284,0.24582269386837996,0.30058551466720507,0.18677204860389884
75,0.2801480422319326,0.03771959372553652,0.24432813817455856,0.29923818577800654,0.1851154683867664
76,0.27820590966992637,0.03774410749518799,0.24285909717108534,0.297910313563579,0.183491286353632
77,0.2763007065024663,0.03776566360099363,0.24141521491703033,0.29660174074557655,0.18189891915664935
78,0.27443176825237564,0.037784400983665756,0.23999614112867107,0.2953123121082082,0.18033779300539587
79,0.2725984459699728,0.03780045475875781,0.23860153112530813,0.2940418744411244,0.17880734364268325
80,0.2708001058398167,0.03781395630214174,0.2372310457736374,0.29279027648858746,0.17730701630802748
81,0.26903612879852695,0.03782503333660708,0.23588435143082176,0.29155736890423767,0.175836265689985
82,0.2673059101633408,0.0378338100191671,0.23456111988640005,0.29034300421084136,0.17439455586846098
83,0.265608859271078,0.037840407028710006,0.23326102830315998,0.28914703676446585,0.17298136024800304
84,0.2639443991271978,0.037844941653678944,0.23198375915709935,0.28796932272258624,0.17159616148301182
85,0.2623119660646412,0.037847527879506626,0.23072900017658837,0.28680972001567817,0.17023845139571925
86,0.2607110094121613,0.037848276475565545,0.22949644428084048,0.28566808832189616,0.16890773088772038
87,0.2591409911718552,0.03784729508142834,0.22828578951779477,0.28454428904447704,0.16760350984577432
88,0.2576013857056198,0.03784468829226035,0.22709673900150318,0.2834381852915475,0.16632530704253856
89,0.25609167943026223,0.037840557743192574,0.22592900084911471,0.28234964185804146,0.16507265003283855
90,0.2546113705210055,0.037835002192545104,0.22478228811753864,0.2812785252094707,0.16384507504603396
91,0.25315996862313733,0.03782811760379144,0.22365631873986647,0.280224703467311,0.16264212687499002
92,0.2517369945715582,0.03781999722617143,0.2225508154616267,0.2791880463957941,0.16146335876212536
93,0.25034198011799336,0.0378107316738763,0.22146550577694213,0.27816842538991615,0.16030833228296792
94,0.24897446766564096,0.03780040900374312,0.2204001218646533,0.2771657134644937,0.15917661722761545
95,0.247634010011033,0.037789114791407764,0.21935440052446942,0.2761797852441116,0.15806779148046335
96,0.24632017009289858,0.037776932205877314,0.2183280831132044,0.2752105169538299,0.1569814408985356
97,0.24503252074781895,0.037763942082490586,0.2173209154811474,0.2742577864105237,0.15591715918872384
98,0.24377064447247604,0.03775022299424587,0.21633264790862172,0.27332147301474685,0.1548745477842155
99,0.24253413319229877,0.037735851321480565,0.21536303504277277,0.2724014577430224,0.15385321572036859
100,0.24132258803632006,0.03772090131989508,0.2144118358346313,0.27149762314046855,0.15285277951026932
101,0.2401356191180609,0.037705445186918304,0.21347881347648934,0.27060985331368403,0.151872863020187
102,0.23897284532226665,0.03768955312641734,0.21256373533962558,0.26973803392382123,0.15091309734512326
103,0.23783389409732297,0.03767329341175818,0.2116663729124133,0.2688820521797842,0.1499731206846373
104,0.2367184012531864,0.037656732447228114,0.21078650173884306,0.26804179683149576,0.14905257821910778
105,0.23562601076466946,0.0376399348278335,0.20992390135748706,0.26721715816318403,0.1481511219865843
106,0.23455637457992395,0.03762296339748985,0.20907835524093266,0.2664080279866454,0.14726841076036146
107,0.23350915243397197,0.03760587930562272,0.2082496507357079,0.2656142996344416,0.14640410992740005
108,0.2324840116671391,0.03758874206220122,0.20743757900272153,0.26483586795300107,0.14555789136770703
109,0.23148062704824743,0.03757160959122626,0.20664193495823635,0.2640726292955897,0.1447294333347734
110,0.23049868060243167,0.03755453828269824,0.2058625172153956,0.26332448151512844,0.14391842033716362
111,0.22953786144344565,0.03753758304308944,0.20509912802631625,0.26259132395683027,0.14312454302133593
112,0.2285978656103293,0.037520797344347503,0.20435157322476571,0.2618730574506408,0.14234749805576652
113,0.22767839590831235,0.0375042332714572,0.20361966216943306,0.2611695843034607,0.14158698801644554
114,0.22677916175383295,0.0374879415685885,0.20290320768780834,0.2604808082911384,0.14084272127379904
115,0.2258998790235534,0.03747197168385867,0.2022020260206775,0.2598066346502179,0.1401144118810913
116,0.2250402699072598,0.037456371812737574,0.20151593676724344,0.2591469700694313,0.13940177946434906
117,0.22420006276453494,0.03744118894012428,0.20084476283088015,0.2585017226809284,0.13870454911385144
118,0.22337899198509664,0.03742646888112432,0.20018833036552575,0.2578708020512338,0.13802245127721313
119,0.22257679785269896,0.03741225632055607,0.19954646872272064,0.25725411917192686,0.13735522165409586
120,0.22179322641249408,0.03739859485121515,0.1989190103992936,0.2566515864500397,0.1367026010925677
121,0.22102802934175764,0.037385527010925255,0.19830579098570034,0.25606311769816903,0.13606433548713204
122,0.2202809638238836,0.03737309431840403,0.197706649115016,0.2554886281243003,0.13544017567844335
123,0.21955179242555453,0.03736133730797169,0.19712142641258268,0.25492803432134103,0.13482987735471919
124,0.21884028297700017,0.03735029556313066,0.1965499674463147,0.25438125425636526,0.13423320095486102
125,0.21814620845525656,0.03734000774904304,0.19599211967765817,0.2538482072595658,0.13364991157328765
126,0.21746934687034145,0.037330511643933535,0.19544773341320798,0.2533288140129184,0.13307977886648525
127,0.21680948115426518,0.03732184416944416,0.19491666175697653,0.2528229965385562,0.132522576961274
128,0.2161663990527971,0.037314041419966804,0.19439876056331673,0.2523306781868584,0.13197808436479153
129,0.21553989301991125,0.03730713869097975,0.19389388839049215,0.25185178362425453,0.13144608387618606
130,0.2149297601148363,0.03730117050641325,0.19340190645489552,0.2513862388207473,0.13092636250001655
131,0.21433580190163734,0.03729617064506898,0.19292267858590817,0.25093397103715764,0.13041871136134942
132,0.21375782435125942,0.03729217216611754,0.19245607118139885,0.2504949088120938,0.12992292562254393
133,0.2131956377459642,0.03728920743369846,0.1920019531638567,0.2500689819486511,0.12943880440171363
134,0.21264905658609376,0.037287308140645306,0.19156019593715323,0.2496561215008436,0.12896615069285344
135,0.21211789949909704,0.03728650533135934,0.19113067334392864,0.24925625975977395,0.12850477128761617
136,0.211601989150756,0.03728682942385391,0.19071326162359648,0.24886933023954472,0.12805447669872483
137,0.21110115215855157,0.0372883102309916,0.19030783937096085,0.24849526766291719,0.1276150810850042
138,0.21061521900710953,0.03729097698093548,0.18991428749544104,0.24813400794672125,0.12718640217801414
139,0.2101440239656694,0.03729485833683544,0.18953248918089516,0.24778548818702228,0.12676826121026818
140,0.20968740500752062,0.037299982415770365,0.1891623298460382,0.24744964664405,0.12636048284501566
141,0.20924520373135233,0.037306376806965934,0.18880369710544698,0.2471264227268951,0.12596289510757042
142,0.20881726528446284,0.03731406858930769,0.18845648073114463,0.24681575697797786,0.12557532931816484
143,0.2084034382877794,0.03732308434816878,0.188120572614758,0.24651759105729554,0.12519762002630808
144,0.20800357476263756,0.03733345019157089,0.18779586673024018,0.24623186772645478,0.12482960494662698
145,0.2076175300592719,0.03734519176569672,0.18748225909715166,0.24595853083249175,0.1244711248961694
146,0.2072451627869716,0.03735833426977218,0.1871796477444907,0.24569752529149058,0.1241220237331444
147,0.20688633474585535,0.03737290247033529,0.18688793267506798,0.24544879707200118,0.12378214829708056
148,0.20654091086022025,0.03738892071490967,0.18660701583041506,0.24521229317826576,0.12345134835037619
149,0.2062087591134231,0.03740641294509857,0.1863368010562202,0.24498796163325942,0.1231294765212193
150,0.20588975048425093,0.0374254027091164,0.18607719406828427,0.24477575146154973,0.1228163882478549
151,0.20558375888474065,0.037445913173773486,0.18582810241898673,0.24457561267198258,0.12251194172417346
152,0.20529066109940802,0.03746796713592994,0.18558943546425632,0.24438749624020062,0.12221599784659876
153,0.20501033672584695,0.03749158703343368,0.1853611043310356,0.24421135409100003,0.12192842016224947
154,0.20474266811666283,0.03751679495555794,0.18514302188523424,0.24404713908053277,0.12164907481835174
155,0.20448754032270197,0.037543612652952627,0.18493510270016045,0.24389480497835914,0.12137783051287754
156,0.20424484103754226,0.037572061547124266,0.18473726302542437,0.24375430644935914,0.1211145584463833
157,0.20401446054321112,0.037602162739458204,0.18454942075630376,0.24362559903550807,0.12085913227502754
158,0.2037962916570958,0.03763393701979712,0.1843714954035658,0.24350863913752263,0.1206114280647399
159,0.20359022968001508,0.037667404874589305,0.18420340806373525,0.24340338399638495,0.12037132424651964
160,0.20339617234541832,0.03770258649461992,0.1840450813898017,0.2433097916747503,0.12013870157283602
161,0.20321401976968276,0.03773950178233789,0.1838964395623579,0.2432278210382458,0.11991344307511087
162,0.20304367440347867,0.037778170358791746,0.18375740826116194,0.24315743173666737,0.11969543402225402
163,0.20288504098417154,0.03781861157018615,0.1836279146371136,0.24309858418507924,0.11948456188023182
164,0.20273802648923453,0.03786084449407197,0.18350788728463918,0.24305123954482621,0.11928071627264025
165,0.20260254009064213,0.037904887945181015,0.1833972562144749,0.24301535970446297,0.11908378894226346
166,0.20247849311021876,0.037950760480918166,0.18329595282684308,0.24299090726060824,0.1188936737135895
167,0.2023657989759146,0.037998480406521415,0.18320390988501178,0.24297784549872925,0.11871026645626126
168,0.20226437317898527,0.038048065779901684,0.1831210614892318,0.2429761383738671,0.11853346504944029
169,0.20217413323204697,0.03809953441617325,0.18304734305104164,0.24298575049130455,0.11836316934705704
170,0.20209499862798663,0.0381529038918856,0.1829826912679351,0.243006647087188,0.11819928114392741
171,0.20202689079969893,0.038208191548967284,0.18292704409838145,0.24303879400910655,0.11804170414270898
172,0.2019697330806318,0.038265414498392346,0.1828803407371946,0.24308215769663888,0.11789034392167841
173,0.20192345066611264,0.038324589623579375,0.18284252159123893,0.24313670516187114,0.11774510790330184
174,0.2018879705754385,0.03838573358353318,0.18281352825546981,0.2432024039698958,0.1176059053235814
175,0.20186322161470402,0.038448862815739025,0.182793303489298,0.24327922221929577,0.11747264720215045
176,0.20184913434034987,0.038513993538818944,0.18278179119327198,0.24336712852262277,0.11734524631309906
177,0.2018456410234088,0.038581141754959636,0.18277893638607212,0.24346609198687508,0.11722361715650553
178,0.20185267561443132,0.0386503232521209,0.18278468518180946,0.24357608219398275,0.1171076759306543
179,0.20187017370907007,0.03872155360603455,0.18279898476762024,0.24369706918130696,0.1169973405049165
180,0.2018980725143044,0.03879484818200109,0.18282178338155297,0.2438290234221574,0.11689253039327385
181,0.2019363108152883,0.03887022213649479,0.1828530302907394,0.2439719158063408,0.11679316672846485
182,0.20198482894280037,0.0389476904185838,0.1828926757698418,0.24412571762073865,0.11669917223673065
183,0.20204356874128213,0.039027267771175614,0.18294067107977385,0.24429040052992912,0.11661047121314316
184,0.20211247353744416,0.039108968732093845,0.1829969684466839,0.24446593655685345,0.11652698949749296
185,0.20219148810942608,0.03919280763499629,0.18306152104119855,0.2446522980635364,0.1164486544507185
186,0.2022805586564918,0.039278798610141,0.18313428295791845,0.24484945773186684,0.116375394931856
187,0.20237963276924617,0.0393669555850084,0.1832152091951601,0.2450573885444438,0.11630714127549191
188,0.2024886594003555,0.039457292284786685,0.18330425563493802,0.24527606376549493,0.1162438252696979
189,0.20260758883575888,0.039549822232728446,0.18340137902318243,0.24550545692187442,0.11618538013443025
190,0.2027363726663531,0.03964455875038458,0.18350653695018404,0.24574554178414365,0.11613174050037556
191,0.20287496376013983,0.03974151495772407,0.1836196878312646,0.24599629234774512,0.11608284238822364
192,0.20302331623481698,0.039840703773144866,0.18374079088766138,0.24625768281427007,0.11603862318835079
193,0.20318138543080472,0.0399421379133836,0.18386980612762704,0.24652968757283167,0.11599902164089537
194,0.2033491278846888,0.04004582989333048,0.18400669432773387,0.24681228118154308,0.11596397781620882
195,0.2035265013030715,0.040151792025755466,0.1841514170143801,0.24710543834911292,0.11593343309566484
196,0.20371346453681444,0.04026003642095243,0.18430393644549237,0.2474091339165575,0.1159073301528104
197,0.20390997755566215,0.04037057498630662,0.18446421559241832,0.2477233428390383,0.11588561293484212
198,0.204116001423235,0.040483419425792644,0.18463221812200636,0.2480480401678321,0.115868226644392
199,0.2043314982723767,0.040598581239407266,0.1848079083788644,0.24838320103243317,0.11585511772160706
200,0.2045564312808485,0.04071607172254414,0.18499125136779715,0.24872880062279934,0.11584623382650672
201,0.20479076464735424,0.0408359019653147,0.18518221273641167,0.2490848141717419,0.11584152382160329
202,0.20503446356788996,0.040958082851821676,0.18538075875789295,0.24945121693746697,0.115840937754772
203,0.20528749421240208,0.041082625059389984,0.18558685631393812,0.24982798418627306,0.11584442684235174
204,0.2055498237017482,0.0412095390577603,0.18580047287785095,0.25021509117540863,0.11585194345246774
205,0.20582142008494594,0.04133883510824993,0.18602157649778772,0.250612513136094,0.11586344108855862
206,0.20610225231670312,0.04147052326288699,0.18625013578015326,0.25102022525671575,0.11587887437309385
207,0.20639229023521638,0.04160461336352123,0.18648611987314012,0.2514382026661919,0.1158981990314707
208,0.20669150454023089,0.04174111504091752,0.1867294984504102,0.25186642041751905,0.11592137187607454
209,0.20699986677134943,0.04188003771383571,0.1869802416949109,0.25230485347150045,0.11594835079049115
210,0.2073173492865837,0.04202139058810218,0.1872383202828254,0.25275347668066295,0.11597909471385737
211,0.20764392524113628,0.04216518265567621,0.18750370536765049,0.2532122647733641,0.11601356362533899
212,0.20797956856640729,0.04231142269371752,0.1877763685644005,0.2536811923380978,0.11605171852872065
213,0.2083242539492132,0.0424601192636569,0.1880562819339311,0.2541602338079959,0.11609352143709861
214,0.2086779568112139,0.04261128071027614,0.18834341796738252,0.25464936344553724,0.11613893535766295
215,0.20904065328853497,0.04276491516080015,0.18863774957073587,0.25514855532746306,0.11618792427655711
216,0.20941232021157996,0.042921030524005706,0.18893925004947942,0.25565778332990385,0.11624045314380371
217,0.2097929350850251,0.04307963448935127,0.18924789309338563,0.25617702111372387,0.11629648785828584
218,0.21018247606798476,0.04324073452613062,0.1895636527613881,0.25670624211008264,0.11635599525277074
219,0.21058092195434547,0.043404337882656116,0.18988650346656344,0.2572454195062227,0.11641894307896683
220,0.210988252153256,0.04357045158547359,0.1902164199612093,0.25779452623148313,0.11648529999260104
221,0.2114044466697699,0.04373908243861396,0.1905533773220176,0.2583535349435443,0.11655503553850743
222,0.21182948608563076,0.04391023702288478,0.19089735093534088,0.25892241801490845,0.11662812013571522
223,0.21226335154019513,0.04408392169520674,0.1912483164825477,0.2595011475196195,0.11670452506252449
224,0.21270602471148436,0.04426014258799652,0.1916062499254647,0.26008969522022407,0.11678422244156261
225,0.21315748779736052,0.04443890560860306,0.19197112749190293,0.26068803255498063,0.11686718522480588
226,0.2136177234968186,0.04462021643879841,0.19234292566126598,0.2612961306253191,0.11695338717856019
227,0.21408671499138895,0.04480408053432897,0.1927216211502375,0.26191396018355495,0.11704280286838664
228,0.21456444592664337,0.04499050312452909,0.19310719089854467,0.2625414916208608,0.1171354076439659
229,0.21505090039380026,0.045179489212003675,0.19349961205479815,0.26317869495550383,0.11723117762388635
230,0.21554606291141992,0.04537104357238091,0.19389886196240202,0.2638255398213458,0.11733008968034853
231,0.2160499184071874,0.04556517075414159,0.19430491814553652,0.26448199545661844,0.1174321214237749
232,0.21656245219977427,0.04576187507852719,0.19471775829520677,0.2651480306929702,0.11753725118731395
233,0.21708364998077648,0.04596116063953287,0.19513736025535988,0.2658236139447967,0.1176454580112285
234,0.2176134977967201,0.04616303130398817,0.19556370200906537,0.2665087131988524,0.117756721627157
235,0.21815198203113187,0.046367490711729804,0.1959967616647592,0.26720329600415194,0.11787102244223979
236,0.21869908938666863,0.04657454227587284,0.1964365174425482,0.2679073294621669,0.11798834152309556
237,0.21925480686729854,0.04678418918318212,0.19688294766057424,0.2686207802173175,0.11810866057963976
238,0.21981912176053395,0.046996434394550736,0.19733603072143746,0.26934361444777066,0.11823196194873586
239,0.2203920216197047,0.0472112806455897,0.19779574509867381,0.27007579785654445,0.1183582285776632
240,0.22097349424627366,0.04742873044733316,0.19826206932329116,0.2708172956629279,0.11848744400739664
241,0.22156352767218396,0.047648786087065104,0.19873498197035588,0.2715680725942172,0.11861959235568098
242,0.22216211014223822,0.0478714496292724,0.1992144616456355,0.27232809287777937,0.11875465829989362
243,0.222769230096502,0.04809672291672893,0.19970048697229037,0.2730973202334426,0.1188926270596814
244,0.22338487615272976,0.04832460757171787,0.20019303657761867,0.2738757178662259,0.1190334843793589
245,0.2240090370888066,0.04855510499739518,0.20069208907984915,0.2746632484594068,0.11917721651006064
246,0.2246417018252048,0.04878821637930422,0.20119762307498423,0.2754598741679414,0.11932381019162908
247,0.22528285940744772,0.04902394268704176,0.20170961712369084,0.2762655566122333,0.1194732526342327
248,0.2259324989885809,0.04926228467608762,0.20222804973823905,0.27708025687226745,0.11962553149969635
249,0.22659060981164345,0.049503242889799855,0.20275289936948748,0.2779039354821091,0.11978063488253432
250,0.22725718119213822,0.049746817661584224,0.2032841443939155,0.2787365524247769,0.11993855129067188
251,0.2279322025004968,0.0499930091172441,0.20382176310070133,0.2795780671274982,0.12009926962584361
252,0.2286156631445348,0.050241817177517,0.2043657336788458,0.28042843845734944,0.12026277916365369
253,0.2293075525518961,0.050493241560807256,0.204916034204342,0.2812876247172956,0.12042906953328503
254,0.23000786015248162,0.05074728178611842,0.2054726426273895,0.28215558364262905,0.12059813069684577
255,0.23071657536085952,0.05100393717619734,0.20603553675965502,0.2830322723978216,0.12076995292833337
256,0.2314336875586542,0.051263206860893584,0.2066046942615758,0.2839176475737921,0.12094452679221002
257,0.2321591860769121,0.05152508978074522,0.2071800926297117,0.28481166518560275,0.12112184312156793
258,0.23289306017843941,0.05178958469079794,0.2077617091841395,0.28571428067058735,0.12130189299587302
259,0.23363529904011182,0.05205669016466537,0.20834952105589422,0.286625448886924,0.12148466771827271
260,0.23438589173515087,0.052326404598841074,0.2089435051744566,0.2875451241126574,0.12167015879244925
261,0.23514482721536722,0.052598726217268896,0.20954363825528588,0.28847326004518115,0.12185835789900767
262,0.23591209429336665,0.05287365307618341,0.2101498967873996,0.28940980980118924,0.12204925687137702
263,0.23668768162471768,0.05315118306922657,0.2107622570210015,0.290354725917103,0.12224284767121518
264,0.23747157769007704,0.05343131393285363,0.21138069495515543,0.2913079603499851,0.1224391223632949
265,0.2382637707772745,0.05371404325203567,0.2120051863255098,0.2922694644789493,0.12263807308985963
266,0.2390642489633506,0.05399936846627029,0.21263570659206965,0.2932391891070737,0.12283969204442746
267,0.23987300009654938,0.054287286875909425,0.2132722309270203,0.29421708446382855,0.12304397144503154
268,0.2406900117782618,0.05457779564881584,0.21391473420259988,0.2952031002080253,0.12325090350687529
269,0.24151527134492073,0.054870891827359686,0.21456319097902687,0.2961971854313026,0.12346048041438662
270,0.24234876584984374,0.05516657233576398,0.215217575492478,0.29719928866214984,0.12367269429265393
271,0.2431904820450234,0.05546483398781258,0.2158778616431215,0.2982093578704862,0.12388753717822432
272,0.24404040636286464,0.05576567349493063,0.21654402298320607,0.29922734047279964,0.12410500098924815
273,0.24489852489786643,0.05606908747464881,0.21721603270520584,0.3002531833378569,0.12432507749495036
274,0.2457648233882486,0.05637507245946622,0.21789386363002405,0.3012868327929974,0.12454775828440845
275,0.2466392871975202,0.056683624906119535,0.2185774881952549,0.30232823463101455,0.12477303473462065
276,0.24752190129599358,0.05699474120527434,0.21926687844350867,0.303377334117641,0.1250008979778462
277,0.24841265024223624,0.0573084176916492,0.2199620060107964,0.3044340759996409,0.12523133886819515
278,0.24931151816446814,0.05762465065458709,0.22066284211498155,0.3054984045135275,0.12546434794745043
279,0.2502184887418967,0.05794343634908392,0.2213693575442952,0.3065702633949049,0.1256999154101045
280,0.25113354518599496,0.05826477100729036,0.22208152264592085,0.30764959588845353,0.12593803106758872
281,0.252056670221718,0.05858865085049843,0.2227993073146468,0.30873634475856193,0.12617868431167678
282,0.2529878460686619,0.058915072101627476,0.2235226809815909,0.30983045230061945,0.12642186407704137
283,0.2539270544221616,0.059244030998220634,0.22425161260299875,0.3109318603529736,0.1266675588029491
284,0.2548742764343303,0.059575523805969074,0.22498607064911658,0.3120405103095669,0.12691575639406605
285,0.25582949269503924,0.05990954683277379,0.22572602309314171,0.3131563431332568,0.12716644418036316
286,0.25679268321283955,0.060246096443362464,0.22647143740025277,0.3142792993698317,0.12741960887609416
287,0.25776382739582526,0.06058516907447208,0.227222280516721,0.3154093191627284,0.12767523653783208
288,0.25874290403244016,0.06092676125061497,0.22797851885910703,0.316546342268463,0.12793331252154072
289,0.2597298912722259,0.06127086960043732,0.22874011830354124,0.3176903080727753,0.12819382143866487
290,0.26072476660651717,0.06161749087368972,0.22950704417509582,0.3188411556075059,0.12845674711121846
291,0.2617275068490806,0.061966621958821355,0.2302792612372464,0.31999882356820464,0.1287220725258491
292,0.2627380881167003,0.06231825990120871,0.23105673368142665,0.3211632503324765,0.128989779786868
293,0.2637564858097116,0.06267240192204036,0.23183942511667976,0.32233437397907994,0.12925985006821483
294,0.2647826745924851,0.0630290454378647,0.23262729855940922,0.3235121323077752,0.12953226356435055
295,0.2658166283738598,0.06338818808081825,0.23342031642322925,0.3246964628599317,0.12980699944005258
296,0.26685832028753054,0.06374982771954792,0.2342184405089206,0.3258873029399004,0.13008403577909744
297,0.2679077226723888,0.06411396248083905,0.23502163199449155,0.3270845896371526,0.1303633495318145
298,0.26896480705282233,0.06448059077196674,0.23582985142535096,0.3282882598491943,0.13064491646149068
299,0.27002954411896923,0.06484971130377838,0.23664305870458968,0.32949825030525204,0.13092871108961268
300,0.2711019037069369,0.06522132311452505,0.23746121308337975,0.3307144975907397,0.1312147066399305
301,0.2721818547789831,0.06559542559445275,0.2382842731514916,0.33193693817250647,0.13150287498132496
302,0.27326936540366265,0.06597201851116506,0.23911219682793017,0.3331655084248635,0.1317931865694677
303,0.274364402735942,0.06635110203577074,0.2399449413516963,0.33440014465639323,0.13208561038725708
304,0.27546693299728664,0.06673267676982814,0.24078246327267383,0.3356407831375422,0.1323801138840176
305,0.27657692145572194,0.06711674377309611,0.2416247184426472,0.3368873601289909,0.13267666291345181
306,0.2776943324058736,0.06750330459210492,0.24247166200645265,0.338139811910806,0.1329752216703315
307,0.2788191291489844,0.06789236128955223,0.24332324839326136,0.3393980748123594,0.13327575262592017
308,0.2799512739729197,0.0682839164745418,0.24417943130800634,0.34066208524302655,0.13357821646211232
309,0.2810907281321597,0.06867797333366656,0.24504016372294835,0.3419317797236444,0.13388257200428821
310,0.2822374518277805,0.06907453566294766,0.2459053978693868,0.3432070949187277,0.13418877615287073
311,0.28339140418743497,0.06947360790063749,0.24677508522952074,0.34448796766943846,0.13449678381358265
312,0.2845525432453283,0.06987519516089138,0.24764917652845808,0.34577433502729316,0.134806547826397
313,0.2857208259222027,0.07027930326831762,0.24852762172638376,0.3470661342886072,0.1351180188931781
314,0.286896208005324,0.07068593879340472,0.2494103700108803,0.34836330302965113,0.13543114550401225
315,0.28807864412848583,0.07109510908883683,0.2502973697894134,0.3496657791425196,0.13574587386222647
316,0.28926808775202606,0.07150682232669296,0.25118856868197814,0.35097350087168555,0.13606214780809922
317,0.2904644911428718,0.07192108753653982,0.25208391351391635,0.35228640685123724,0.13637990874126293
318,0.29166780535460346,0.0723379146444098,0.2529833503088994,0.3536044361427638,0.1366990955418056
319,0.2928779802075555,0.07275731451267127,0.2538868242820874,0.3549275282738841,0.13701964449007642
320,0.2940949642689549,0.07317929898078236,0.25479427983346603,0.3562556232773886,0.13734148918521105
321,0.29531870483309886,0.07360388090692939,0.25570566054135935,0.3575886617309738,0.13766456046237552
322,0.2965491479015841,0.07403107421054225,0.2566209091561289,0.35892658479754536,0.13798878630875355
323,0.2977862381635869,0.07446089391567932,0.2575399675940565,0.360269334266057,0.13831409177828557
324,0.299029918976208,0.07489335619527415,0.25846277693141884,0.3616168525928646,0.13864039890518498
325,0.300280132344877,0.07532847841623314,0.2593892773987504,0.3629690829435527,0.1389676266162415
326,0.301536818903834,0.07576627918537322,0.26031940837530476,0.3643259692352122,0.13929569064194258
327,0.3027999178966888,0.0762067783961785,0.2612531083837132,0.36568745617911924,0.13962450342644372
328,0.3040693671570641,0.07664999727636929,0.26219031508484403,0.3670534893237898,0.1399539740364003
329,0.30534510308933094,0.07709595843625817,0.2631309652728666,0.36842401509836187,0.14028400806870356
330,0.3066270606494433,0.07754468591786844,0.2640749948705219,0.36979898085625806,0.14061450755716298
331,0.3079151733258798,0.07799620524480035,0.2650223389246045,0.3711783349190936,0.14094537087815517
332,0.30920937312069624,0.0784505434728104,0.2659729316016559,0.37256202662076854,0.14127649265529496
333,0.31050959053069893,0.07890772924108147,0.26692670618387404,0.37395000635170383,0.14160776366316197
334,0.3118157545287479,0.07936779282414567,0.2678835950652415,0.37534222560315766,0.1419390707301429
335,0.31312779254519346,0.07983076618442761,0.26884352974787473,0.37673863701156673,0.14227029664043522
336,0.31444563044945906,0.08029668302537542,0.26980644083859806,0.37813919440286237,0.14260132003525983
337,0.31576919253177116,0.08076557884512661,0.27077225804574123,0.3795438528366756,0.1429320153133613
338,0.31709840148505436,0.08123749099067941,0.2717409101761695,0.38095256865039295,0.14326225253083646
339,0.31843317838699026,0.08171245871251187,0.2727123251325432,0.3823652995029726,0.14359189730037292
340,0.31977344268225616,0.08219052321959888,0.2736864299108118,0.38378200441845367,0.14392081068996954
341,0.32111911216494554,0.08267172773477971,0.2746631505979438,0.3852026438290893,0.14424884912119873
342,0.3224701029611848,0.08315611755040883,0.27564241236989495,0.38662717961801496,0.144575864267109
343,0.32382632951195445,0.08364374008423553,0.2766241394898191,0.38805557516137845,0.1449017029498404
344,0.32518770455611856,0.08413464493544366,0.2776082553065198,0.38948779536984,0.1452262070380398
345,0.32655413911367803,0.08462888394078145,0.2785946822531471,0.3909238067293549,0.14554921334417537
346,0.32792554246925554,0.0851265112307096,0.2795833418461433,0.3923635773411497,0.14587055352184386
347,0.32930182215581855,0.08562758328549062,0.2805741546844355,0.39380707696079353,0.14619005396316764
348,0.3306828839386546,0.08613215899113585,0.2815670404488798,0.39525427703626836,0.1465075356963934
349,0.33206863179960433,0.08664029969512557,0.2825619179019573,0.39670515074493273,0.1468228142837994
350,0.3334589679215677,0.08715206926181117,0.2835587048877256,0.39815967302927835,0.14713569972002982
351,0.33485379267328774,0.08766753412740988,0.2845573183320246,0.39961782063137385,0.14744599633096322
352,0.336253004594425,0.08818676335448218,0.2855576742429393,0.4010795721258714,0.14775350267326082
353,0.33765650038093475,0.08870982868580474,0.2865596877115224,0.4025449079514838,0.14805801143469477
354,0.3390641748707551,0.08923680459751726,0.2875632729127763,0.4040138104407959,0.1483593093354143
355,0.34047592102981566,0.08976776835144085,0.2885683431068946,0.40548626384830333,0.14865717703026582
356,0.3418916299383814,0.09030280004644697,0.2895748106407675,0.4069622543765493,0.1489513890123223
357,0.34331119077773903,0.09084198266875815,0.29058258694974826,0.40844177020023986,0.14924171351775928
358,0.34473449081724017,0.09138540214106358,0.29159158255968587,0.4099248014882173,0.14952791243221597
359,0.3461614154017102,0.09193314737030238,0.2926017070892206,0.4114113404231432,0.14980974119882462
360,0.3475918479392332,0.09248531029400504,0.2936128692523443,0.4129013812187865,0.15008694872802097
361,0.34902566988932904,0.09304198592504057,0.2946249768612281,0.4143949201347691,0.15035927730932874
362,0.3504627607515297,0.09360327239463505,0.2956379368293155,0.41589195548864155,0.15062646252526346
363,0.35190299805436626,0.09416927099351903,0.29665165517468073,0.41739248766515535,0.15088823316751943
364,0.35334625734478403,0.09474008621105091,0.29766603702365657,0.41889651912259596,0.15114431115562
365,0.3547924121779906,0.09531582577217458,0.29868098661472586,0.4204040543960481,0.1513944114581801
366,0.35624133410775244,0.09589660067205068,0.29969640730268166,0.4219151000974525,0.15163824201696585
367,0.35769289267715293,0.09648252520820702,0.30071220156305334,0.4234296649123247,0.15187550367392355
368,0.3591469554098218,0.09707371701005381,0.301728270996799,0.424947759593005,0.15210589010133901
369,0.3606033878016472,0.09767029706559481,0.3027445163352628,0.4264693969483022,0.15232908773531662
370,0.3620620533129899,0.09827238974518182,0.3037608374454006,0.4279945918294137,0.15254477571274005
371,0.3635228133614001,0.09888012282214007,0.30477713333526624,0.4295233611119825,0.1527526258118922
372,0.3649855273148592,0.09949362749010517,0.3057933021597642,0.4310557236741793,0.1529523023969066
373,0.36645005248555734,0.10011303837690026,0.30680924122666564,0.43259170037068007,0.15314346236622933
374,0.36791624412421386,0.10073849355479492,0.3078248470028856,0.4341313140024319,0.15332575510524415
375,0.3693839554149603,0.1013701345469776,0.30884001512102155,0.43567458928209524,0.1534988224432381
376,0.3708530374707916,0.10200810633006638,0.3098546403861502,0.4372215527950415,0.1536622986148829
377,0.3723233393296071,0.1026525573325142,0.310868616782886,0.43877223295583334,0.15381581022636814
378,0.3737947079508456,0.10330363942873587,0.3118818374826947,0.440326659960078,0.15395897622635202
379,0.37526698821272914,0.10396150792879104,0.3128941948514603,0.44188486573155994,0.15409140788189546
380,0.37674002291013287,0.1046263215634783,0.31390558045730865,0.4434468838645913,0.15421270875950754
381,0.37821365275309093,0.10529824246468719,0.3149158850786833,0.4450127495615085,0.15432247471144356
382,0.3796877163659463,0.10597743614085671,0.3159249987126673,0.4465824995652474,0.15442029386738543
383,0.38116205028716676,0.10666407144738702,0.31693281058355705,0.44815617208694214,0.15450574663165784
384,0.38263648896983227,0.10735832055189123,0.3179392091516795,0.4497338067285307,0.1545784056860452
385,0.3841108647828106,0.10806035889412788,0.31894408212245406,0.4513154444003096,0.15463783599837067
386,0.3855850080126305,0.10877036514051268,0.31994731645569474,0.45290112723344744,0.15468359483689154
387,0.3870587468660691,0.10948852113307662,0.3209487983751509,0.4544908984874343,0.15471523179062874
388,0.38853190747346217,0.11021501183276426,0.3219484133782844,0.45608480245248006,0.15473228879570167
389,0.39000431389275697,0.11095002525698425,0.3229460462462823,0.45768288434690074,0.15473430016771872
390,0.39147578811430367,0.1116937524113031,0.32394158105429327,0.45928519020949854,0.15472079264029492
391,0.3929461500664242,0.1124463872152129,0.3249349011819006,0.4608917667870176,0.15469128540974364
392,0.3944152176217446,0.11320812642191166,0.32592588932381406,0.46250266141673224,0.15464529018593431
393,0.3958828066043204,0.11397916953200662,0.3269144275007858,0.4641179219042295,0.1545823112493998
394,0.397348730797558,0.11475971870114249,0.32790039707074303,0.46573759639652834,0.15450184551460822
395,0.39881280195295016,0.11554997864147389,0.32888367874013835,0.4673617332506045,0.1544033825994705
396,0.4002748297996348,0.11635015651699028,0.3298641525755107,0.46899038089748013,0.1542864049010082
397,0.40173462205478655,0.1171604618326811,0.3308416980152543,0.47062358770202106,0.1541503876771474
398,0.4031919844348607,0.11798110631754127,0.33181619388159556,0.4722614018186011,0.1539947991346029
399,0.4046467206676909,0.11881230380144425,0.33278751839276854,0.47390387104281817,0.15381910052276393
400,0.4060986325054613,0.11965427008591965,0.3337555491753914,0.4755510426594647,0.15362274623350436
401,0.40754751973855446,0.12050722280887705,0.3347201632770328,0.47720296328695366,0.1534051839068259
402,0.40899318021030096,0.12137138130336002,0.33568123717897613,0.47885967871845825,0.153165854542204
403,0.4104354098326252,0.122246966450391,0.33663864680916467,0.48052123375998146,0.15290419261553134
404,0.41187400260260776,0.12313420052602435,0.3375922675553318,0.4821876720656484,0.15261962620149072
405,0.41330875061997624,0.1240333070426966,0.3385419742783129,0.4838590359704733,0.152311577101246
406,0.4147394441055243,0.12494451058502434,0.33948764132552856,0.4855353663209173,0.15197946097523574
407,0.41616587142048467,0.1258680366401821,0.34042914254464374,0.48721670230353864,0.15162268748092267
408,0.4175878190868539,0.1268041114230127,0.34136635129739357,0.4889030812720472,0.15124066041530748
409,0.4190050718086759,0.127752961696049,0.3422991404735677,0.49059453857310176,0.150832777861995
410,0.4204174124943146,0.12871481458464515,0.34322738250516516,0.49229110737121773,0.15039843234259886
411,0.4218246222796925,0.12968989738737696,0.3441509493806929,0.49399281847308385,0.1499370109723117
412,0.42322648055253914,0.13067843738199142,0.34506971265962727,0.4956997001517365,0.14944789561933025
413,0.4246227649776246,0.13168066162706105,0.34598354348701377,0.4974117779708792,0.1489304630679964
414,0.4260132515230151,0.13269679675963622,0.3468923126082193,0.4991290746097954,0.14838408518534874
415,0.4273977144873346,0.1337270687891143,0.34779589038381586,0.5008516096891986,0.14780812909087593
416,0.4287759265280614,0.13477170288759596,0.34869414680460886,0.5025793995984321,0.14720195732922992
417,0.43014765869085014,0.13583092317701354,0.34958695150679164,0.5043124573244167,0.14656492804561527
418,0.4315126804398909,0.1369049525132751,0.3504741737872279,0.5060507922827107,0.1458963951636736
419,0.4328707596893215,0.13799401226774988,0.3513556826188642,0.5077944101511214,0.1451957085655634
420,0.43422166283568486,0.13909832210637027,0.3522313466662572,0.5095433127062345,0.1444622142740135
421,0.4355651547914436,0.1402180997666419,0.35310103430121953,0.511297497663252,0.14369525463613653
422,0.4369009990195593,0.1413535608328946,0.353964613618579,0.5130569585195497,0.1428941685087246
423,0.4382289575691438,0.14250491851005379,0.3548219524520503,0.5148216844023144,0.1420582914448576
424,0.4395487911121703,0.14367238339625438,0.35567291839020476,0.5165916599206317,0.1411869558815777
425,0.44086025898127207,0.1448561632546184,0.3565173787925502,0.5183668650224148,0.14027949132843442
426,0.44216311920861556,0.14605646278450313,0.3573552008057058,0.5201472748565112,0.13933522455670344
427,0.44345712856586184,0.14727348339252186,0.35818625137967597,0.5219328596403277,0.13835347978913148
428,0.444742042605203,0.14850742296366748,0.3590103972842097,0.523723584533315,0.13733357888999553
429,0.44601761570149745,0.14975847563282738,0.35982750512525696,0.5255194095166206,0.13627484155538183
430,0.44728360109548965,0.15102683155702357,0.36063744136150633,0.5273202892792276,0.13517658550348954
431,0.4485397509381232,0.15231267668862233,0.36144007232100905,0.5291261731108208,0.13403812666494874
432,0.44978581633594056,0.15361619254988287,0.3622352642178791,0.5309370048017095,0.1328587793729228
433,0.45102154739758143,0.15493755600905523,0.36302288316907627,0.5327527225499895,0.13163785655306426
434,0.4522466932813676,0.1562769390583673,0.3638027952112607,0.5345732588762251,0.1303746699131597
435,0.45346100224397895,0.15763450859413103,0.3645748663177206,0.5363985405458216,0.12906853013250696
436,0.4546642216902214,0.15901042619924668,0.36533896241537245,0.5382284884992903,0.1277187470509925
437,0.4558560982238773,0.16040484792836507,0.3660949494018264,0.5400630177905795,0.12632462985786286
438,0.4570363776996451,0.1618179240959194,0.3668426931625218,0.5419020375335848,0.12488548728029092
439,0.45820480527615437,0.1632497990672932,0.3675820595879221,0.5437454508569914,0.12340062777172811
440,0.45936112547006297,0.16470061105332057,0.3683129145907772,0.5455931548675281,0.12186935970017998
441,0.46050508221122505,0.1661704919083222,0.3690351241234453,0.5474450406216996,0.12029099153651768
442,0.4616364188989266,0.16765956693189224,0.36974855419527364,0.5493009931060693,0.1186648320429281
443,0.46275487845918123,0.16916795467459853,0.37045307089003887,0.5511608912261006,0.11699019046169745
444,0.4638602034030856,0.17069576674777662,0.371148540383446,0.5530246078035744,0.1152663767045009
445,0.4649521358862188,0.17224310763757697,0.37183482896068254,0.5548920095825638,0.11349270154239477
446,0.46603041776908477,0.17381007452338562,0.37251180303402975,0.5567629572439079,0.11166847679679281
447,0.46709479067858806,0.17539675710079747,0.3731793291605312,0.5586373054281646,0.10979301553159848
448,0.4681449960705303,0.17700323740921098,0.3738372740597149,0.560514902766914,0.1078656322468553
449,0.4691807752931218,0.17862958966418455,0.3744855046313724,0.5623955919223402,0.10588564307416204
450,0.47020186965149485,0.1802758800946327,0.3751238879733928,0.5642792096349531,0.10385236597419845
451,0.4712080204732109,0.1819421667849534,0.37575229139965416,0.5661655867793158,0.1017651209366921
452,0.4721989691747454,0.18362849952216007,0.37637058245797106,0.5680545484276173,0.09962323018317842
453,0.4731744573289444,0.18533491964807566,0.3769786289481022,0.5699459139209127,0.09742601837294407
454,0.47413422673342437,0.18706145991663578,0.37757629893980993,0.5718394969478273,0.09517281281254097
455,0.47507801947992756,0.18880814435634044,0.37816346079098995,0.5737351056305249,0.09286294366930847
456,0.47600557802458987,0.19057498813790896,0.378739983165854,0.5756325426177238,0.09049574418925932
457,0.476916645259122,0.1923619974471143,0.37930573505317955,0.5775316051844922,0.08807055091986782
458,0.4778109645828867,0.19416916936286738,0.3798605857846248,0.57943208533862,0.08558670393810863
459,0.4786882799758454,0.19599649174050185,0.380404405053108,0.5813337699332528,0.08304354708429973
460,0.4795483360723733,0.19784394310030262,0.3809370629312625,0.5832364407855634,0.08044042820215869
461,0.4803908782359008,0.1997114925212308,0.38145842988995515,0.5851398748011344,0.07777669938560372
462,0.481215652634389,0.20159909953988694,0.3819683768168899,0.5870438441038222,0.07505171723271287
463,0.48202240631659055,0.20350671405461213,0.38246677503527904,0.5889481161707234,0.07226484310745829
464,0.482810887289105,0.20543427623478933,0.3829534963226059,0.5908524539720277,0.06941544340958661
465,0.48358084459417716,0.20738171643526132,0.38342841292946395,0.5927566161153883,0.06650288985322261
466,0.48433202838824235,0.20934895511584256,0.3838913975984912,0.5946603569945185,0.06352655975471144
467,0.48506419002117207,0.2113359027659124,0.38434232358339127,0.5965634269417044,0.06048583633014315
468,0.48577708211621506,0.2133424598340336,0.3847810646680544,0.5984655723839116,0.05738010900311785
469,0.486470458650604,0.21536851666255105,0.38520749518578346,0.600366536002158,0.05420877372326505
470,0.4871440750367817,0.2174139534271587,0.3856214900386127,0.6022660568938463,0.05097123329594344
471,0.4877976882042626,0.21947864008136544,0.3860229247167536,0.6041638707377365,0.04766689772371191
472,0.48843105668205594,0.2215624363058332,0.3864116753181416,0.606059709961227,0.04429518455998971
473,0.4890439406816584,0.2236651914625365,0.38678761856811283,0.6079533039096414,0.04085551927544018
474,0.48963610218056636,0.22578674455371892,0.3871506318392014,0.6098443790172079,0.037347335637501256
475,0.4902073050062902,0.2279269241855994,0.38750059317107177,0.6117326589794225,0.03377007610355187
476,0.4907573149208315,0.23008554853675173,0.38783738129058587,0.613617864926458,0.030123192228230566
477,0.4912858997055981,0.23226242533120714,0.38816087563201296,0.615499715597385,0.026406145085183907
478,0.49179282924672224,0.23445735181614016,0.3884709563573904,0.6173779275148299,0.022618405703870637
479,0.49227787562075515,0.23667011474418587,0.3887675043770402,0.6192522151598421,0.018759455521677904
480,0.492740813180696,0.23890049036031727,0.38905040137024627,0.621122291146653,0.014828786851813547
481,0.49318141864232307,0.24114824439324709,0.3893195298060981,0.622987866397045,0.010825903367365663
482,0.4935994711708021,0.2434131320513675,0.38957477296451415,0.6248486503140913,0.00675032060181735
483,0.4939947524675228,0.24569489802314085,0.3898160149574428,0.6267043509549521,0.0026015664664631455
484,0.49436704685713945,0.2479932764819999,0.3900431407502555,0.6285546752025337,0
485,0.4947161413747679,0.25030799109565094,0.39025603618333315,0.6303993289356911,0
486,0.49504182585331064,0.25263875503983346,0.3904545879938569,0.6322380171977904,0
487,0.4953438930108654,0.2549852710164898,0.3906386838378082,0.6340704443633688,0
488,0.4956221385381866,0.2573472312763426,0.3908082123121892,0.635896314302679,0
489,0.4958763611861459,0.25972431764586495,0.3909630629774632,0.6377153305438886,0
490,0.49610636285317056,0.2621162015586541,0.3911031263802325,0.6395271964327482,0
491,0.49631194867260153,0.2645225440911846,0.391228294076152,0.6413316152895066,0
492,0.49649292709994336,0.2669429960029704,0.3913384586530937,0.6431282905629085,0
493,0.4966491099999534,0.2693771977811014,0.3914335137545619,0.6449169259810651,0
494,0.49678031273353757,0.2718247796892032,0.3915133541033745,0.646697225699058,0
495,0.49688635424440514,0.27428536182078417,0.3915778755256131,0.6484688944430839,0
496,0.49696705714543227,0.2767585541570105,0.39162697497484655,0.6502316376510044,0
497,0.49702224780470894,0.279243956628913,0.39166055055664617,0.651985161609157,0
498,0.49705175643120325,0.28174115918402676,0.39167850155338557,0.6537291735852752,0
499,0.4970554171600137,0.28424974185749596,0.3916807284493449,0.6554633819574089,0
500,0.49703306813715775,0.2867692748476553,0.3916671329561189,0.6571874963387216,0
501,0.49698455160384675,0.28929931859608443,0.39163761803833586,0.6589012276980357,0
502,0.4969097139802185,0.2918394238721958,0.391592087939704,0.6606042884760643,0
503,0.49680840594845804,0.2943891318623451,0.39153044820937855,0.662296392697205,0
504,0.4966804825352688,0.29694797426347797,0.39145260572866003,0.66397725607681,0
505,0.49652580319366196,0.29951547338136575,0.39135846873804137,0.6656465961238869,0
506,0.4963442318839911,0.3020911422334241,0.3912479468645931,0.6673041322391333,0
507,0.4961356371542001,0.3046744846561346,0.3911209511497017,0.6689495858082507,0
508,0.4958998922192359,0.3072649954171274,0.3909773940771679,0.6705826802905105,0
509,0.49563687503957204,0.3098621603318743,0.39081718960166545,0.6722031413024816,0
510,0.4953464683987981,0.3124654563851017,0.39064025317756756,0.6738106966969404,0
511,0.4950285599802283,0.31507435185685817,0.3904465017881481,0.6754050766368813,0
512,0.4946830424424741,0.3176883064533112,0.39023585397515526,0.6769860136646411,0
513,0.4943098134939431,0.32030677144226416,0.3900082298687719,0.6785532427661098,0
514,0.49390877596620153,0.32292918979341856,0.3897635512179545,0.6801065014300208,0
515,0.4934798378861668,0.32555499632338897,0.3895017414211651,0.6816455297023207,0
516,0.49302291254706476,0.32818361784549016,0.38922272555748816,0.6831700702356273,0
517,0.49253791857811885,0.3308144733242913,0.38892643041814434,0.6846798683337778,0
518,0.4920247800129143,0.33344697403497875,0.38861278453839854,0.6861746719915098,0
519,0.4914834263563847,0.3360805237274833,0.3882817182298599,0.6876542319292638,0
520,0.4909137926503856,0.3387145187954282,0.38793316361318375,0.6891183016231752,0
521,0.49031581953779063,0.3413483484498501,0.3875670546511648,0.6905666373302598,0
522,0.4896894533250806,0.34398139489773566,0.3871833271822328,0.6919989981088632,0
523,0.4890346460433551,0.3466130335253335,0.38678191895433645,0.6934151458343977,0
524,0.4883513555077429,0.3492426330862468,0.38636276965922633,0.69481484521043,0
525,0.4876395453751465,0.35186955589430235,0.38592582096712735,0.6961978637751799,0
526,0.48689918520028697,0.35449315802118114,0.3854710165618018,0.6975639719034923,0
527,0.48613025048998487,0.35711278949876774,0.3849983021759913,0.6989129428043321,0
528,0.4853327227556519,0.35972779452622183,0.3845076256272446,0.7002445525138921,0
529,0.4845065895639366,0.36233751168175943,0.38399893685411923,0.701558579884395,0
530,0.48365184458548033,0.3649412741390679,0.3834721879527522,0.7028548065686414,0
531,0.48276848764173447,0.3675384098883696,0.38292733321378936,0.7041330170004138,0
532,0.48185652474980833,0.37012824196206034,0.38236432915967555,0.7053929983708058,0
533,0.48091596816529236,0.3727100886649207,0.3817831345822874,0.7066345406005883,0
534,0.4799468364230145,0.3752832638088095,0.38118371058090184,0.7078574363086775,0
535,0.47894915437570007,0.37784707695183256,0.3805660206004964,0.7090614807768335,0
536,0.47792295323047385,0.3804008336419006,0.37993003047035745,0.7102464719106623,0
537,0.47686827058318504,0.38294383566463924,0.37927570844299885,0.7114122101970459,0
538,0.47578515045050007,0.3854753812955802,0.3786030252333664,0.7125584986580935,0
539,0.47467364329973466,0.3879947655565603,0.37791195405832145,0.7136851428017248,0
540,0.4735338060763758,0.39050128047627813,0.3772024706763816,0.7147919505690035,0
541,0.4723657022292751,0.39299421535490997,0.37647455342771285,0.7158787322783273,0
542,0.4711694017334542,0.395472857032707,0.3757281832743422,0.7169453005665836,0
543,0.4699449811105044,0.39793649016250565,0.3749633438405834,0.7179914703274046,0
544,0.46869252344654944,0.4003843974860495,0.3741800214536568,0.7190170586466322,0
545,0.4674121184077176,0.40281586011401804,0.37337820518447273,0.720021884735105,0
546,0.46610386225311196,0.4052301578096878,0.37255788688856584,0.7210057698589062,0
547,0.46476785784524455,0.4076265692761016,0.37171906124715903,0.7219685372671857,0
548,0.4634042146578909,0.4100043724466436,0.3708617258083222,0.7229100121176804,0
549,0.4620130487813636,0.41236284477891816,0.36998588102821883,0.723830021400071,0
550,0.4605944829251392,0.4147012635517854,0.36909153031238906,0.7247283938572788,0
551,0.45914864641786507,0.4170189061654856,0.36817868005707566,0.7256049599048702,0
552,0.45767567520466784,0.4193150504446473,0.36724733969053036,0.7264595515486456,0
553,0.45617571184177585,0.42158897494413355,0.366297521714293,0.7272920023005944,0
554,0.45464890548842046,0.4238399592575194,0.36532924174440384,0.7281021470933078,0
555,0.4530954118960106,0.4260672843281189,0.36434251855252764,0.7288898221930136,0
556,0.45151539339453417,0.42827023276236,0.3633373741069368,0.7296548651113273,0
557,0.44990901887619517,0.4304480891454102,0.36231383361333835,0.7303971145158877,0
558,0.44827646377626423,0.43260014035887734,0.3612719255555026,0.7311164101399933,0
559,0.44661791005111856,0.43472567590041167,0.3602116817356522,0.731812592691363,0
560,0.4449335461534747,0.43682398820509416,0.3591331373145843,0.7324855037601818,0
561,0.44322356700478904,0.43889437296838946,0.35803633085147535,0.7331349857265328,0
562,0.44148817396482176,0.44093612947055166,0.3569213043433358,0.7337608816673777,0
563,0.4397275747983689,0.44294856090226303,0.3557881032640775,0.7343630352632036,0
564,0.43794198363912484,0.4449309746913512,0.35463677660313375,0.7349412907044661,0
565,0.4361316209507216,0.44688268283042115,0.3534673769036203,0.7354954925979926,0
566,0.43429671348487764,0.44880300220517466,0.35227996029995146,0.7360254858734341,0
567,0.43243749423672245,0.4506912549232816,0.35107458655490875,0.736531115689946,0
568,0.4305542023972445,0.4525467686435573,0.34985131909608236,0.737012227343192,0
569,0.4286470833028986,0.4543688769053269,0.3486102250516572,0.7374686661728491,0
570,0.4267163883823584,0.45615691945769704,0.3473513752854869,0.7379002774707013,0
571,0.4247623751004324,0.4579102425886035,0.34607484443140957,0.7383069063894974,0
572,0.42278530689915056,0.4596281994534009,0.34478071092675877,0.7386883978526853,0
573,0.4207854531360132,0.4613101504027834,0.34346905704500375,0.7390445964651562,0
574,0.4187630890194483,0.4629554633098748,0.34213996892749143,0.7393753464251591,0
575,0.4167184955414626,0.4645635138962204,0.34079353661421785,0.7396804914374878,0
576,0.41465195940750527,0.4661336860565079,0.33942985407357884,0.7399598746280942,0
577,0.41256377296357793,0.46766537218179804,0.3380490192310559,0.7402133384602647,0
578,0.41045423412060383,0.46915797348105925,0.3366511339967795,0.7404407246524967,0
579,0.40832364627605344,0.4706109003007485,0.3352363042918981,0.7406418740981866,0
580,0.4061723182328976,0.47202357244229554,0.33380464007372934,0.7408166267873133,0
581,0.40400056411586655,0.47339541947719366,0.3323562553596069,0.7409648217302021,0
582,0.4018087032850668,0.47472588105953567,0.330891268249383,0.7410862968835428,0
583,0.39959706024698,0.4760144072357406,0.32940980094652683,0.7411808890787803,0
584,0.3973659645628833,0.4772604587512908,0.3279119797777681,0.7412484339530381,0
585,0.3951157507546907,0.47846350735417664,0.3263979352112071,0.7412887658826615,0
586,0.3928467582082979,0.47962303609495327,0.32486780187286557,0.7413017179195988,0
587,0.39055933107443264,0.4807385396230592,0.32332171856159864,0.7412871217306798,0
588,0.3882538181670565,0.48180952447926506,0.32175982826231675,0.7412448075399845,0
589,0.38593057285936117,0.4828355093839873,0.32018227815746203,0.7411746040744154,0
590,0.38358995297740645,0.4838160255212678,0.3185892196366865,0.7410763385126284,0
591,0.38123232069143587,0.4847506168181916,0.3169808083046709,0.7409498364374569,0
592,0.37885804240490634,0.4856388402195202,0.31535720398702183,0.7407949217919646,0
593,0.3764674886413044,0.4864802659573343,0.3137185707342097,0.7406114168392839,0
594,0.37406103392877743,0.4872744778154611,0.3120650768234784,0.7403991421263689,0
595,0.3716390566826332,0.4880210733884839,0.3103968947586745,0.7401579164518164,0
596,0.36920193908577026,0.48871966433510083,0.30871420126795035,0.7398875568378871,0
597,0.3667500669670778,0.48936987662564474,0.3070171772992777,0.7395878785068797,0
598,0.3642838296778788,0.48997135078355275,0.30530600801373275,0.7392586948620066,0
599,0.36180361996645505,0.49052374212055383,0.30358088277649087,0.738899817472892,0
600,0.35930983385073223,0.4910267209654289,0.3018419951454935,0.73851105606588,0
601,0.35680287048916626,0.4914799728860741,0.30008954285772715,0.7380922185192478,0
602,0.35428313204990214,0.4918831989047168,0.2983237278130758,0.7376431108635019,0
603,0.3517510235782823,0.49223611570609566,0.2965447560557084,0.7371635372869063,0
604,0.3492069528627343,0.49253845583837635,0.29475283775293704,0.7366533001463573,0
605,0.34665133029914197,0.49278996790665064,0.2929481871715284,0.7361121999837776,0
606,0.34408456875374666,0.49299041675883554,0.29113102265141555,0.7355400355481707,0
607,0.34150708342464575,0.49313958366376676,0.2893015665767704,0.7349366038234585,0
608,0.33891929170197865,0.49323726648135874,0.28746004534441516,0.7343017000622816,0
609,0.33632161302684044,0.49328327982460973,0.2856066893295174,0.733635117825862,0
610,0.3337144687490292,0.49327745521334604,0.28374173284856097,0.7329366490301141,0
611,0.33109828198368163,0.49321964121950235,0.28186541411955013,0.7322060839981125,0
612,0.3284734774668584,0.49310970360378537,0.27997797521941026,0.7314432115190528,0
613,0.32584048141020355,0.49294752544362413,0.27807966203859646,0.7306478189138836,0
614,0.3231997213546899,0.4927330072521897,0.2761707242328415,0.729819692107686,0
615,0.3205516260235908,0.4924660670884269,0.27425141517206986,0.7289586157089936,0
616,0.3178966251747017,0.49214664065787833,0.2723219918864209,0.7280643730961176,0
617,0.31523514945194236,0.49177468140427716,0.27038271500940814,0.7271367465106785,0
618,0.3125676302363705,0.49135016059169767,0.26843384871816434,0.7261755171583966,0
619,0.3098944994967339,0.490873067377221,0.26647566067080364,0.7251804653173184,0
620,0.3072161896395997,0.4903434088739585,0.26450842194086266,0.7241513704535513,0
621,0.3045331333591833,0.4897612102043859,0.26253240694885027,0.7230880113446583,0
622,0.3018457634869307,0.4891265145438541,0.2605478933908877,0.7219901662107897,0
623,0.299154512840943,0.48843938315420715,0.25855516216444974,0.720857612853661,0
624,0.29645981407534294,0.4876998954074464,0.25655449729122737,0.7196901288034886,0
625,0.293762099529643,0.4869081487993441,0.2545461858371081,0.7184874914739503,0
626,0.2910618010782216,0.4860642589529665,0.2525305178293068,0.7172494783252732,0
627,0.288359349979971,0.4851683596120336,0.25050778617065095,0.7159758670355084,0
628,0.2856551767282229,0.484220602624093,0.2484782865510624,0.7146664356800818,0
629,0.2829497109010176,0.4832211579134386,0.24644231735624655,0.7133209629196576,0
630,0.28024338101181145,0.4821702134437688,0.2444001795736297,0.7119392281963848,0
631,0.2775366143607054,0.4810679751705455,0.24235217669557763,0.7105210119385582,0
632,0.27482983688628143,0.47991466698305785,0.2402986146199363,0.7090660957737395,0
633,0.2721234730181187,0.4787105306361449,0.23823980154792745,0.7075742627503321,0
634,0.2694179455300958,0.4774558256716357,0.236176047879463,0.7060452975676614,0
635,0.26671367539453544,0.4761508293294537,0.23410766610590772,0.7044789868145143,0
636,0.26401108163730125,0.47479583644846196,0.23203497070036283,0.7028751192161666,0
637,0.26131058119390976,0.473391159357029,0.22995827800551671,0.7012334858898396,0
638,0.2586125887667528,0.4719371277533879,0.22787790611913017,0.6995538806085695,0
639,0.25591751668349905,0.47043408857578467,0.2257941747772142,0.6978361000734076,0
640,0.2532257747567688,0.468882405862529,0.22370740523497856,0.6960799441939187,0
641,0.2505377701451553,0.46728246060195244,0.22161792014561899,0.694285216376861,0
642,0.24785390721567382,0.4656346505723706,0.2195260434370193,0.6924517238229622,0
643,0.24517458740771028,0.46393939017211505,0.217432100186445,0.6905792778316671,0
644,0.24250020909856243,0.46219711023973936,0.21533641649332202,0.6886676941137376,0
645,0.23983116747063282,0.46040825786445366,0.21323931935017448,0.6867167931115219,0
646,0.23716785438036483,0.45857329618694576,0.2111411365118242,0.6847264003267621,0
647,0.2345106582289807,0.4566927041906336,0.20904219636293253,0.682696346655705,0
648,0.23185996383510443,0.45476697648352293,0.20694282778398942,0.6806264687313408,0
649,0.22921615230934797,0.45279662307077223,0.20484336001585346,0.6785166092725298,0
650,0.22657960093091384,0.4507821691180997,0.20274412252293306,0.6763666174397565,0
651,0.22395068302629023,0.4487241547061612,0.2006454448551187,0.6741763491972362,0
652,0.22132976785012576,0.44662313457610386,0.19854765650858952,0.6719456676811191,0
653,0.21871722046831313,0.4444796778663665,0.19645108678557766,0.6696744435734077,0
654,0.21611340164338186,0.4422943678409881,0.19435606465322852,0.6673625554813244,0
655,0.2135186677222419,0.44006780160951137,0.19226291860165978,0.6650098903217044,0
656,0.2109333705263496,0.4378005898387282,0.1901719765013411,0.6626163437100765,0
657,0.2083578572443488,0.43549335645641574,0.188083565459912,0.6601818203539974,0
658,0.20579247032725645,0.43314673834727996,0.18599801167856655,0.6577062344502269,0
659,0.20323754738623026,0.4307613850412782,0.18391564030811614,0.6551895100852645,0
660,0.2006934210930025,0.42833795839459143,0.18183677530487596,0.6526315816388223,0
661,0.19816041908299267,0.4258771322633726,0.179761739286474,0.6500323941896593,0
662,0.19563886386119408,0.4233795921705885,0.1776908533877427,0.6473919039233339,0
663,0.19312907271084295,0.4208460349661004,0.17562443711679276,0.6447100785412585,0
664,0.1906313576049454,0.4182771684802788,0.17356280821141978,0.6419868976705375,0
665,0.1881460251206926,0.415673711171354,0.17150628249596578,0.6392223532739649,0
666,0.18567337635680764,0.41303639176676804,0.16945517373876495,0.6364164500595828,0
667,0.18321370685387411,0.4103659488987782,0.16740979351031404,0.6335692058891661,0
668,0.18076730651767006,0.40766313073455235,0.16537045104228842,0.63068065218495994,0
669,0.17833445954555752,0.4049286946010437,0.16333745308754455,0.6277508343340183,0
670,0.1759154443559467,0.4021634066048777,0.16131110378123026,0.624779812089413,0
671,0.17351053352088536,0.39936804124756653,0.15929170450314845,0.62176765996764,0
672,0.17111999370178466,0.3965433810362775,0.15727955374148928,0.6187144676414469,0
673,0.16874408558831167,0.39369021609045785,0.15527494695806376,0.6156203403273448,0
674,0.16638306384049334,0.39080934374462845,0.1532781764551837,0.6124853991670737,0
675,0.16403717703401782,0.3879015681475511,0.15128953124428368,0.60930978160216,0
676,0.16170666760878896,0.3849676998581545,0.14930929691644168,0.6060936417408611,0
677,0.15939177182072997,0.3820085554384435,0.14733775551490458,0.602837150716627,0
678,0.15709271969685765,0.37902495704371,0.14537518540974437,0.5995404970372858,0
679,0.1548097349936414,0.37601773201034777,0.14342186117476818,0.5962038869241287,0
680,0.15254303515865436,0.3729877124415574,0.1414780534667961,0.5928275446400519,0
681,0.1502928312955302,0.36993573479125397,0.13954402890742712,0.5894117128059262,0
682,0.14805932813222178,0.3668626394464667,0.13762004996739974,0.5859566527043388,0
683,0.14584272399257636,0.3637692703085547,0.13570637485366444,0.5824626445698848,0
684,0.14364321077122022,0.36065647437351817,0.1338032573992709,0.5789299878651389,0
685,0.14146097391175208,0.3575251013117295,0.13191094695617378,0.5753590015414849,0
686,0.13929619238824528,0.3543760030473816,0.13002968829106154,0.5717500242839587,0
687,0.13714903869004874,0.35121003333795947,0.128159721484303,0.5681034147392758,0
688,0.13501967880987775,0.3480280473540352,0.12630128183210432,0.5644195517262163,0
689,0.1329082722351886,0.34483090125971017,0.1244545997519726,0.5606988344275763,0
690,0.13081497194281677,0.3416194517939785,0.12261990069156536,0.5569416825628639,0
691,0.12873992439686854,0.3383945558533412,0.1207974050410131,0.5531485365409815,0
692,0.1266832695498445,0.335157070075953,0.11898732804879109,0.5493198575921185,0
693,0.1246451408469753,0.33190785042760745,0.11718987974121409,0.5454561278781183,0
694,0.1226256652337524,0.3286477517898711,0.11540526484562819,0.5415578505806176,0
695,0.12062496316661919,0.32537762755063165,0.11363368271735863,0.5376255499662362,0
696,0.1186431486268032,0.32209832919737746,0.11187532727047744,0.5336597714281813,0
697,0.1166803291372588,0.3188107059134856,0.11013038691244914,0.5296610815036222,0
698,0.11473660578268796,0.31551560417781144,0.10839904448270321,0.5256300678662453,0
699,0.11281207323260717,0.31221386736785306,0.10668147719518195,0.521567339293417,0
700,0.11090681976742114,0.30890633536677303,0.10497785658490155,0.5174735256074348,0
701,0.10902092730747451,0.30559384417455926,0.10328834845857215,0.5133492775903912,0
702,0.10715447144503314,0.30227722552358005,0.10161311284930008,0.5091952668721933,0
703,0.10530752147915706,0.2989573064988102,0.099952303975403,0.5050121857913528,0
704,0.10348014045342456,0.29563490916298335,0.09830607020336257,0.5008007472281948,0
705,0.10167238519645885,0.2923108501869291,0.09667455401492875,0.4965616844101868,0
706,0.09988430636521373,0.288985940485349,0.09505789197839154,0.4922957506891438,0
707,0.09811594849096425,0.28566098485825825,0.09345621472402155,0.488003719290095,0
708,0.09636735002796103,0.28233678163835885,0.09186964692369126,0.48368638303170053,0
709,0.09463854340468346,0.2790141223445426,0.09029830727466193,0.4793445540180937,0
710,0.0929295550776561,0.27569379134179717,0.08874230848754472,0.4749790633021763,0
711,0.09124040558775415,0.2723765655076788,0.08720175727840773,0.47059076052033255,0
712,0.08957110961895681,0.2690632139056177,0.08567675436502409,0.4661805134987129,0
713,0.0879216760594801,0.26575449746521984,0.08416739446723065,0.46174920783119344,0
714,0.08629210806523938,0.2624511686697998,0.08267376631137968,0.4572977464292626,0
715,0.08468240312557022,0.25915397125130435,0.08119595263884183,0.45282704904407556,0
716,0.08309255313115776,0.2558636398928426,0.07973403021853498,0.4483380517610521,0
717,0.0815225444441007,0.2525808999389704,0.0782880698634314,0.44383170646738335,0
718,0.07997235797005545,0.24930646711392776,0.07685813645100359,0.4393089802929503,0
719,0.07844196923238478,0.24604104724795298,0.0754442889475544,0.4347708550251328,0
720,0.0769313484482589,0.24278533601187663,0.07404658043638734,0.4302183264981644,0
721,0.07544046060662793,0.23954001866009694,0.0726650581497511,0.42565240395762693,0
722,0.0739692655480065,0.23630576978209036,0.07129976350450151,0.42107410940082324,0
723,0.07251771804599995,0.2330832530625939,0.06995073214141734,0.4164844768938081,0
724,0.07108576789050079,0.22987312105056687,0.06861799396809765,0.411884551865896,0
725,0.06967335997249194,0.22667601493705888,0.06730157320537644,0.40727539038255745,0
726,0.06828043437037308,0.2234925643420568,0.06600148843716547,0.4026580583976048,0
727,0.06690692643775682,0.22032338711045482,0.06471775266366453,0.3980336309857413,0
728,0.06555276689264672,0.21716908911718089,0.0634503733578411,0.393403191556451,0
729,0.06421788190793755,0.21403026408160108,0.06219935252510689,0.38876783105039525,0
730,0.06290219320315604,0.21090749339123294,0.06096468676609501,0.38412864711941663,0
731,0.06160561813737851,0.20780134593486282,0.05974636734245509,0.379486743291395,0
732,0.06032806980324495,0.20471237794508898,0.05854438024556696,0.37484322812115434,0
733,0.059069457122002414,0.20164113285034968,0.05735870626808448,0.3701992143287265,0
734,0.05782968493950157,0.19858814113646306,0.05618932107820673,0.36555581792627534,0
735,0.0566086541230766,0.19555392021770923,0.05503619529658277,0.36091415733504206,0
736,0.05540626165923157,0.19253897431745864,0.05389929457574416,0.3562753524936747,0
737,0.054222400752066295,0.18954379435837132,0.052778579681968196,0.3516405239593743,0
738,0.05305696092236481,0.1865688578621518,0.05167400657946275,0.3470107920032688,0
739,0.05190982810727388,0.1836146288588457,0.050585526516769286,0.34238727570146,0
740,0.050780884760507114,0.18068155780568512,0.04951308611528149,0.33777109202324873,0
741,0.04967000995299274,0.1777700815154222,0.04845662745976509,0.3331633549179682,0
742,0.048577079473904064,0.1748806230941453,0.04741608819077692,0.3285651744019584,0
743,0.047501965931993975,0.1720135918885062,0.046391401598869786,0.3239776556471329,0
744,0.04644453885717124,0.16916938344233676,0.04538249672047856,0.31940189807267805,0
745,0.04540466480224237,0.16634837946256623,0.04438929843537176,0.3148389944413321,0
746,0.04438220744475727,0.1635509477943968,0.04341172756556566,0.3102900299617676,0
747,0.04337702768888536,0.16077744240564068,0.0424497009755852,0.30575608139851795,0
748,0.042388983767258095,0.15802820338014895,0.04150313167396513,0.3012382161909304,0
749,0.041417931342713175,0.15530355692024442,0.040571928915883015,0.296737491582588,0
750,0.040463723609871535,0.1526038153580437,0.039655998306811435,0.2922549537625978,0
751,0.039526211396484434,0.14992927717557838,0.03875524190708313,0.28779163702015853,0
752,0.038605243264490115,0.14728022703360305,0.037869558337263354,0.2833485629137755,0
753,0.03770066561071365,0.1446569358089616,0.03699884288421895,0.2789267394564384,0
754,0.036812322767151566,0.14205966064039596,0.03614298760778156,0.2745271603180717,0
755,0.03594005710078052,0.13948864498266056,0.03530188144789781,0.2701508040465107,0
756,0.03508370911283084,0.1369441186688049,0.034475410332164835,0.26579863330821574,0
757,0.034243117537468414,0.13442629798048297,0.033663457283648834,0.26147159414989907,0
758,0.03341811943982638,0.13193538572613212,0.03286590252888422,0.25717061528217544,0
759,0.03260855031333542,0.12947157132687942,0.03208262360595837,0.25289660738632813,0
760,0.03181424417629467,0.12703503091000087,0.03131349547258033,0.24865046244518485,0
761,0.031035033667634,0.12462592740977489,0.030558390614040642,0.24443305309908103,0
762,0.030270750141813435,0.12224441067555213,0.029817179150967155,0.24024523202780113,0
763,0.029521223762815522,0.11989061758688264,0.02908972894678763,0.23608783135937284,0
764,0.028786283597175704,0.11756467217549614,0.028375905714806415,0.23196166210645863,0
765,0.02806575770600923,0.11526668575396964,0.027675573124809505,0.22786751363109725,0
766,0.027359473235987166,0.11299675705088778,0.026988592909113374,0.2238061531384441,0
767,0.026667256509218168,0.11075497235230224,0.026314824967972328,0.21977832520010032,0
768,0.025988933111994083,0.10854140564929836,0.025654127474267208,0.21578475130756558,0
769,0.02532432798235792,0.10635611879146435,0.02500635697739262,0.21182612945626678,0
770,0.02467326549645669,0.10419916164606956,0.024371368506272195,0.20790313376056935,0
771,0.02403556955364009,0.1020705722627392,0.02374901567142429,0.20401641410008842,0
772,0.02341106366026974,0.09997037704342274,0.023139150766009697,0.2001665957975659,0
773,0.02279957101220519,0.09789859091744689,0.022541624865792587,0.19635427932850846,0
774,0.022200914575933355,0.0958552175214402,0.02195628792794957,0.19258004006271134,0
775,0.021614917168309794,0.09384024938391443,0.02138298888866308,0.18884442803772628,0
776,0.021041401534883982,0.0918536681142942,0.020821575759439326,0.18514796776428177,0
777,0.020480190426779264,0.08989544459617219,0.020271895722094868,0.18149115806357452,0
778,0.019931106676102758,0.08796553918458117,0.019733795222353856,0.17787447193631767,0
779,0.019393973269857465,0.08606390190705047,0.019207120062005756,0.17429835646332548,0
780,0.01886861342233861,0.08419047266825087,0.0186917154895746,0.17076323273742344,0
781,0.01835485064598853,0.08234518145798982,0.018187426289451802,0.16726949582633655,0
782,0.017852508820691945,0.08052794856234768,0.01769409686944845,0.163817514766203,0
783,0.017361412261494236,0.07873868477773757,0.01721157134672724,0.160407632585295,0
784,0.016881385784724534,0.07697729162766548,0.016739693632073394,0.15704016635745732,0
785,0.016412254772510893,0.07524366158198319,0.016278307512470835,0.15371540728475785,0
786,0.01595384523567097,0.0735376782784036,0.01582725673194718,0.15043362080874645,0
787,0.015505983874969981,0.07185921674607865,0.01538638507066048,0.1471950467497305,0
788,0.01506849814073338,0.07020814363101817,0.014955536422196936,0.14399989947338687,0
789,0.014641216290805687,0.06858431742313569,0.01453455486905475,0.14084836808400159,0
790,0.014223967446849239,0.06698758868471726,0.014123284756292098,0.13774061664360193,0
791,0.013816581648975666,0.06541780028009792,0.013721570763315594,0.13467678441619035,0
792,0.013418889908707907,0.06387478760634861,0.013329257973796471,0.13165698613627919,0
793,0.01303072426026747,0.062358378824759426,0.012946191943693508,0.12868131230086444,0
794,0.012651917810187126,0.060868395092923966,0.01257221876737169,0.12574982948397562,0
795,0.012282304785249241,0.059404650797228335,0.012207185141806964,0.12286258067290767,0
796,0.011921720578749498,0.0579669537855409,0.011850938428866087,0.12001958562519688,0
797,0.011570001795090237,0.05655510559991711,0.011503326715655238,0.11722084124541643,0
798,0.011226986292707335,0.055168901709130524,0.011164198872936182,0.11446632198082973,0
799,0.010892513225334884,0.0538081317408374,0.010833404611603759,0.11175598023492117,0
800,0.010566423081615593,0.052472579713199706,0.010510794537227253,0.10908974679783023,0
801,0.010248557723063548,0.05116202426578206,0.010196220202656314,0.10646753129268571,0
802,0.009938760420389298,0.049876238889551526,0.009889534158696534,0.10388922263684786,0
803,0.009636875888197305,0.04861499215580904,0.009590590002859667,0.10135468951705262,0
804,0.009342750318066341,0.04737804794388132,0.009299242426195509,0.09886378087744396,0
805,0.009056231410026405,0.0461651656674164,0.00901534725821651,0.09641632641950071,0
806,0.008777168402444727,0.044976100499119376,0.008738761509924697,0.09401213711284495,0
807,0.008505412100336429,0.04381060359377952,0.008469343414954755,0.0916510057159452,0
808,0.008240814902113897,0.0426684223094312,0.00820695246884695,0.08933270730570908,0
809,0.00798323082479298,0.041549300426512344,0.007951449466465421,0.08705699981500103,0
810,0.00773251552767288,0.04045297836487611,0.007702696537581599,0.08482362457710924,0
811,0.007488526334507441,0.039379193398517906,0.00746055718063765,0.08263230687619927,0
812,0.00725112225418803,0.038327679867891075,0.0072248962947132345,0.08048275650282344,0
813,0.007020163999957543,0.037298169389683,0.006995580209716024,0.07837466831355522,0
814,0.006795514007176699,0.03629039106393275,0.006772476714817843,0.07630772279384823,0
815,0.006577036449663278,0.03530407167836838,0.006555455085160866,0.07428158662321904,0
816,0.006364597254628012,0.03433893590986143,0.006344386106858835,0.07229591324190898,0
817,0.006158064116229024,0.03339470652288576,0.006139142100318851,0.07035034341816426,0
818,0.0059573065077685805,0.032471104564881434,0.0059395969419102634,0.06844450581532091,0
819,0.00576219569255676,0.031567849558429305,0.005745626084009081,0.06657801755790071,0
820,0.005572604733466487,0.0306846596901439,0.005557106573445991,0.06475048479594536,0
821,0.005388408501205252,0.029821251996198575,0.005373917068387413,0.06296150326684535,0
822,0.005209483681329152,0.028977342544401836,0.005195937853680221,0.06121065885394539,0
823,0.0050357087800260575,0.02815264661275183,0.005023050854689237,0.059497528141242984,0
824,0.004866964128693799,0.02734687886439413,0.004855139649661666,0.057821678963511314,0
825,0.00470313188734098,0.02655975351892049,0.004692089480647144,0.05618267095121954,0
826,0.004544096046837426,0.025790984519945558,0.004533787263008349,0.05458005606964478,0
827,0.004389742430042346,0.025040285698908128,0.004380121593554276,0.053013379151603646,0
828,0.0042399586918378,0.024307370935043815,0.004230982757328472,0.05148217842325742,0
829,0.00409463431809582,0.02359195431148408,0.004086262733087209,0.04998598602247484,0
830,0.003953660623607806,0.022893750267441504,0.003945855197501347,0.0485243285092708,0
831,0.003816930749004549,0.022212473746443542,0.0038096555281147415,0.047096727367862856,0
832,0.003684339656695575,0.021547840340582866,0.0036775608050952924,0.04570269949991701,0
833,0.0035557841258569336,0.02089956643075857,0.0035494698118118118,0.04434175770859039,0
834,0.00343116274649628,0.020267369322885694,0.003425283034272031,0.04301341117300084,0
835,0.003310375912624138,0.019650967380054295,0.003304902659456932,0.04171716591278385,0
836,0.003193325814560162,0.01905008015062318,0.0031882325725839378,0.04045252524242182,0
837,0.0030799164304040434,0.0184644284922435,0.003075178353336927,0.039218990215072136,0
838,0.0029700535166993025,0.017893734691802533,0.002965647271094496,0.0380160600556283,0
839,0.0028636445983192004,0.01733772258128915,0.0028595482791934357,0.03684323258278932,0
840,0.0027605989576035767,0.016796117649584146,0.0027567920082604003,0.03570000461993583,0
841,0.002660827622775288,0.016268647150182856,0.0026572907586469574,0.03458587239463429,0
842,0.002564243355664444,0.015755040204858968,0.0025609584920007755,0.03350033192661428,0
843,0.002470760638769446,0.015255027903288395,0.002467710822008584,0.03244287940409807,0
844,0.0023802956616823016,0.01476834339864759,0.0023774650043429935,0.03141301154837062,0
845,0.0022927663069066116,0.014294721999211118,0.0022901399258470345,0.030410225966514326,0
846,0.0022080921350958447,0.013833901255973398,0.00220565609298895,0.029434021492247386,0
847,0.0021261943697390893,0.013385621046322,0.002123935619620987,0.028483898514824912,0
848,0.0020469958813219193,0.012949623653797563,0.002044902214072608,0.02755935929599318,0
849,0.001970421170988703,0.012525653843972145,0.0019684811656115464,0.026659908274989763,0
850,0.0018963963537332248,0.012113458936486297,0.0018945993303036701,0.025785052361618765,0
851,0.0018248491411437815,0.011712788873285852,0.001823185116301862,0.024934301217436783,0
852,0.0017557088237284146,0.011323396283100768,0.0017541684685951076,0.024107167525106665,0
853,0.0016889062528460239,0.010945036542214702,0.0016874808532488794,0.023303167245994683,0
854,0.001624373822268045,0.010577467831571334,0.0016230552411636845,0.02252181986609525,0
855,0.0015620454493957866,0.010220451190271734,0.001560826091382972,0.021762648630392345,0
856,0.001501856556157409,0.009873750565514603,0.001500729333979045,0.021025180765771645,0
857,0.0014437440496083284,0.009537132859034785,0.0014427023525428462,0.020308947692613488,0
858,0.0013876463022587393,0.009210367970100056,0.0013866839663074781,0.01961348522521511,0
859,0.0013335031321508083,0.008893228835123198,0.0013326144119299999,0.018938333761189585,0
860,0.0012812557827082487,0.008585491463952807,0.0012804353249606937,0.018283038460012557,0
861,0.0012308469023800932,0.008286934972904522,0.0012300897210215656,0.01764714941088974,0
862,0.0011822205241003986,0.007997341614599177,0.0011815219767227214,0.017030221790131028,0
863,0.0011353220445846207,0.007716496804672088,0.0011346778103397126,0.016431816008223188,0
864,0.0010900982034833405,0.007444189145422017,0.0010895042622743878,0.015851497846803397,0
865,0.0010464970624134344,0.007180210446469134,0.0010459496753255637,0.015288838585742481,0
866,0.0010044679838858853,0.006924355742489592,0.0010039636747888325,0.014743415120549108,0
867,9.639616101496284e-4,0.00667642330810036,9.634971484098198e-4,0.014214810070320771,0
868,9.24929841969513e-4,0.006436214669963102,9.245022262115432e-4,0.013702611876460158,0
869,8.873258173566665e-4,0.006203534616182064,8.86932260216633e-4,0.013206414892393825,0
870,8.511038902684071e-4,0.005978191203066908,8.507418040839543e-4,0.012725819464521004,0
871,8.162196092948236e-4,0.005759995759335826,8.158865926806147e-4,0.01226043200463367,0
872,7.826296963481785e-4,0.005548762887831314,7.823235216064539e-4,0.011809865054044355,0
873,7.502920253712753e-4,0.0053443104648253515,7.500106266911111e-4,0.011373737339668066,0
874,7.191656010797167e-4,0.005146459636985781,7.189070634796568e-4,0.01095167382229556,0
875,6.892105377532088e-4,0.004955034816081403,6.889730867248867e-4,0.010543305737308883,0
876,6.603880380899155e-4,0.004769863671498878,6.601700299021518e-4,0.01014827062808088,0
877,6.326603721377739e-4,0.004590777120647563,6.324602847624927e-4,0.009766212372306016,0
878,6.059908563158203e-4,0.0044176093173258985,6.058072809403958e-4,0.009396781201506554,0
879,5.803438325383937e-4,0.004250197638125165,5.801754656281632e-4,0.009039633713960216,0
880,5.55684647454257e-4,0.004088382666943855,5.555302833344378e-4,0.008694432881293235,0
881,5.319796318124062e-4,0.003932008177687485,5.318381557366525e-4,0.00836084804898074,0
882,5.09196079965632e-4,0.0037809211152264803,5.090664616430596e-4,0.00803855493099448,0
883,4.8730222952259e-4,0.003634971574686009,4.8718351707488505e-4,0.007727235598839033,0
884,4.6626724115851994e-4,0.003494012779139924,4.661585554812664e-4,0.007426578465211997,0
885,4.4606117859418847e-4,0.0033579010557799353,4.459617080971867e-4,0.007136278262519835,0
886,4.266549887524072e-4,0.0032264958106322807,4.2656398445561905e-4,0.006856036016484324,0
887,4.080204821007123e-4,0.003099659501891264,4.079372530638725e-4,0.006585559015065412,0
888,3.901303131884907e-4,0.0029772576119394896,3.900542222533554e-4,0.006324560772923871,0
889,3.7295796138630665e-4,0.0028591586181232163,3.728884212113037e-4,0.006072760991647996,0
890,3.564777118348057e-4,0.002745233962350847,3.5641418120457846e-4,0.005829885515958533,0
891,3.4066463660999743e-4,0.002635358019580736,3.4060661700130446e-4,0.005595666286107637,0
892,3.2549457611135693e-4,0.0025294080652639075,3.254416084988998e-4,0.005369841286678723,0
893,3.109441206788082e-4,0.0024272642418067514,3.108957825660452e-4,0.005152154491995131,0
